Xl,Yl,Xr,Yr,Al,Ar,A,C,Ok,Distancia(mm)
200,-450,200,-450,1,1,1,0,0,6.10E-05
200,-450,200,-350,1,1,1,0,0,2.85659
200,-450,200,-250,1,1,1,0,0,3.59941
200,-450,200,-150,1,1,1,0,0,1.79129
200,-450,200,-50,1,1,1,0,0,4.82225
200,-450,200,50,1,1,1,0,0,16.1811
200,-450,200,150,1,1,1,0,0,7.02054
200,-450,200,250,1,1,1,0,0,18.5023
200,-450,200,350,1,1,1,0,0,7.82788
200,-450,200,450,1,1,1,0,0,4.14278
200,-450,300,-450,1,1,1,0,0,3.7298
200,-450,300,-350,1,1,1,0,0,4.32301
200,-450,300,-250,1,1,1,0,0,2.37214
200,-450,300,-150,1,1,1,0,0,10.2897
200,-450,300,-50,1,1,1,0,0,6.69891
200,-450,300,50,1,1,1,0,0,2.61149
200,-450,300,150,1,1,1,0,0,6.70E+00
200,-450,300,250,1,1,1,0,0,3.71229
200,-450,300,350,1,1,1,0,0,1.90709
200,-450,300,450,1,0,0,0,0,1.90709
200,-450,400,-450,1,1,1,0,0,3.79438
200,-450,400,-350,1,1,1,0,0,4.22229
200,-450,400,-250,1,1,1,0,0,10.7031
200,-450,400,-150,1,1,1,0,0,5.15653
200,-450,400,-50,1,1,1,0,0,17.8992
200,-450,400,50,1,1,1,0,0,2.4844
200,-450,400,150,1,1,1,0,0,6.41505
200,-450,400,250,1,1,1,0,0,4.4751
200,-450,400,350,1,1,1,0,0,3.51967
200,-450,400,450,1,0,0,0,0,3.51967
200,-450,500,-450,1,1,1,0,0,4.70507
200,-450,500,-350,1,1,1,0,0,0.400564
200,-450,500,-250,1,1,1,0,0,0.704688
200,-450,500,-150,1,1,1,0,0,3.3215
200,-450,500,-50,1,1,1,0,0,5.32046
200,-450,500,50,1,1,1,0,0,13.9794
200,-450,500,150,1,1,1,0,0,3.73498
200,-450,500,250,1,1,1,0,0,19.0607
200,-450,500,350,1,0,0,0,0,19.0607
200,-450,500,450,1,0,0,0,0,19.0607
200,-450,600,-450,1,0,0,0,0,19.0607
200,-450,600,-350,1,1,1,0,0,9.52484
200,-450,600,-250,1,1,1,0,0,9.73857
200,-450,600,-150,1,1,1,0,0,12.351
200,-450,600,-50,1,1,1,0,0,18.2508
200,-450,600,50,1,1,1,0,0,6.45246
200,-450,600,150,1,1,1,0,0,1.22759
200,-450,600,250,1,0,0,0,0,1.22759
200,-450,600,350,1,0,0,0,0,1.22759
200,-450,600,450,1,0,0,0,0,1.22759
200,-350,200,-450,1,1,1,0,0,2.32169
200,-350,200,-350,1,1,1,0,0,3.00E-05
200,-350,200,-250,1,1,1,0,0,5.56663
200,-350,200,-150,1,1,1,0,0,9.04468
200,-350,200,-50,1,1,1,0,0,3.12217
200,-350,200,50,1,1,1,0,0,1.1079
200,-350,200,150,1,1,1,0,0,6.20422
200,-350,200,250,1,1,1,0,0,4.38228
200,-350,200,350,1,1,1,0,0,15.3147
200,-350,200,450,1,1,1,0,0,17.6656
200,-350,300,-450,1,1,1,0,0,9.58973
200,-350,300,-350,1,1,1,0,0,3.49859
200,-350,300,-250,1,1,1,0,0,1.10621
200,-350,300,-150,1,1,1,0,0,6.65179
200,-350,300,-50,1,1,1,0,0,2.91687
200,-350,300,50,1,1,1,0,0,6.06227
200,-350,300,150,1,1,1,0,0,5.1669
200,-350,300,250,1,1,1,0,0,23.1116
200,-350,300,350,1,1,1,0,0,15.1777
200,-350,300,450,1,0,0,0,0,15.1777
200,-350,400,-450,1,1,1,1,1,29.158
200,-350,400,-350,1,1,1,1,1,21.1325
200,-350,400,-250,1,1,1,0,0,2.85794
200,-350,400,-150,1,1,1,0,0,18.3416
200,-350,400,-50,1,1,1,0,0,8.54372
200,-350,400,50,1,1,1,0,0,8.61416
200,-350,400,150,1,1,1,1,1,21.144
200,-350,400,250,1,1,1,0,0,13.8669
200,-350,400,350,1,1,1,1,1,16.0944
200,-350,400,450,1,0,0,1,0,16.0944
200,-350,500,-450,1,1,1,0,0,4.14019
200,-350,500,-350,1,1,1,0,0,12.7928
200,-350,500,-250,1,1,1,0,0,18.1175
200,-350,500,-150,1,1,1,0,0,6.4899
200,-350,500,-50,1,1,1,0,0,4.46954
200,-350,500,50,1,1,1,1,1,27.5304
200,-350,500,150,1,1,1,1,1,29.0173
200,-350,500,250,1,1,1,1,1,15.2627
200,-350,500,350,1,0,0,1,0,15.2627
200,-350,500,450,1,0,0,1,0,15.2627
200,-350,600,-450,1,0,0,1,0,15.2627
200,-350,600,-350,1,1,1,0,0,4.63849
200,-350,600,-250,1,1,1,0,0,5.65931
200,-350,600,-150,1,1,1,1,1,19.2915
200,-350,600,-50,1,1,1,1,1,30.2007
200,-350,600,50,1,1,1,1,1,29.3756
200,-350,600,150,1,1,1,1,1,17.9519
200,-350,600,250,1,0,0,1,0,17.9519
200,-350,600,350,1,0,0,1,0,17.9519
200,-350,600,450,1,0,0,1,0,17.9519
200,-250,200,-450,1,1,1,1,1,29.7837
200,-250,200,-350,1,1,1,1,1,10.2141
200,-250,200,-250,1,1,1,0,0,6.10E-05
200,-250,200,-150,1,1,1,0,0,3.31526
200,-250,200,-50,1,1,1,0,0,2.07763
200,-250,200,50,1,1,1,0,0,0.500812
200,-250,200,150,1,1,1,0,0,1.3597
200,-250,200,250,1,1,1,0,0,19.8422
200,-250,200,350,1,1,1,0,0,4.49229
200,-250,200,450,1,1,1,0,0,24.2672
200,-250,300,-450,1,1,1,1,1,29.8404
200,-250,300,-350,1,1,1,1,1,17.6423
200,-250,300,-250,1,1,1,0,0,0.749041
200,-250,300,-150,1,1,1,0,0,6.51701
200,-250,300,-50,1,1,1,0,0,1.75129
200,-250,300,50,1,1,1,0,0,1.80777
200,-250,300,150,1,1,1,0,0,1.40351
200,-250,300,250,1,1,1,0,0,12.2239
200,-250,300,350,1,1,1,0,0,1.05E+00
200,-250,300,450,1,0,0,0,0,1.04659
200,-250,400,-450,1,1,1,1,1,29.6682
200,-250,400,-350,1,1,1,1,1,29.7078
200,-250,400,-250,1,1,1,1,1,29.7328
200,-250,400,-150,1,1,1,1,1,16.6696
200,-250,400,-50,1,1,1,0,0,10.2694
200,-250,400,50,1,1,1,0,0,3.02414
200,-250,400,150,1,1,1,0,0,1.92042
200,-250,400,250,1,1,1,1,1,19.4941
200,-250,400,350,1,1,1,1,1,20.7585
200,-250,400,450,1,0,0,1,0,20.7585
200,-250,500,-450,1,1,1,1,1,17.636
200,-250,500,-350,1,1,1,1,1,22.1893
200,-250,500,-250,1,1,1,1,1,13.5097
200,-250,500,-150,1,1,1,0,0,19.9339
200,-250,500,-50,1,1,1,0,0,18.2328
200,-250,500,50,1,1,1,0,0,8.08364
200,-250,500,150,1,1,1,1,1,22.0883
200,-250,500,250,1,1,1,1,1,27.661
200,-250,500,350,1,0,0,1,0,27.661
200,-250,500,450,1,0,0,1,0,27.661
200,-250,600,-450,1,0,0,1,0,27.661
200,-250,600,-350,1,1,1,0,0,25.1169
200,-250,600,-250,1,1,1,0,0,25.3403
200,-250,600,-150,1,1,1,0,0,23.7411
200,-250,600,-50,1,1,1,1,1,10.8751
200,-250,600,50,1,1,1,1,1,26.9327
200,-250,600,150,1,1,1,1,1,27.2784
200,-250,600,250,1,0,0,1,0,27.2784
200,-250,600,350,1,0,0,1,0,27.2784
200,-250,600,450,1,0,0,1,0,27.2784
200,-150,200,-450,1,1,1,1,1,19.1826
200,-150,200,-350,1,1,1,1,1,21.7191
200,-150,200,-250,1,1,1,1,1,18.4594
200,-150,200,-150,1,1,1,0,0,0.000114
200,-150,200,-50,1,1,1,0,0,3.07779
200,-150,200,50,1,1,1,0,0,1.25145
200,-150,200,150,1,1,1,0,0,1.56026
200,-150,200,250,1,1,1,0,0,1.61495
200,-150,200,350,1,1,1,0,0,6.2702
200,-150,200,450,1,1,1,0,0,5.69519
200,-150,300,-450,1,1,1,1,1,12.7212
200,-150,300,-350,1,1,1,1,1,13.083
200,-150,300,-250,1,1,1,1,1,11.8033
200,-150,300,-150,1,1,1,0,0,2.52526
200,-150,300,-50,1,1,1,0,0,6.09264
200,-150,300,50,1,1,1,0,0,1.07515
200,-150,300,150,1,1,1,0,0,0.855356
200,-150,300,250,1,1,1,0,0,9.23479
200,-150,300,350,1,1,1,0,0,13.933
200,-150,300,450,1,0,0,0,0,1.39E+01
200,-150,400,-450,1,1,1,1,1,11.8419
200,-150,400,-350,1,1,1,1,1,11.7888
200,-150,400,-250,1,1,1,1,1,12.1321
200,-150,400,-150,1,1,1,0,0,29.5845
200,-150,400,-50,1,1,1,0,0,29.3912
200,-150,400,50,1,1,1,0,0,14.8065
200,-150,400,150,1,1,1,0,0,1.57374
200,-150,400,250,1,1,1,0,0,1.13137
200,-150,400,350,1,1,1,0,0,29.6232
200,-150,400,450,1,0,0,0,0,29.6232
200,-150,500,-450,1,1,1,0,0,29.5789
200,-150,500,-350,1,1,1,0,0,3.17624
200,-150,500,-250,1,1,1,0,0,29.5233
200,-150,500,-150,1,1,1,0,0,29.5985
200,-150,500,-50,1,1,1,0,0,29.5408
200,-150,500,50,1,1,1,0,0,9.44839
200,-150,500,150,1,1,1,0,0,8.88922
200,-150,500,250,1,1,1,0,0,13.5704
200,-150,500,350,1,0,0,0,0,13.5704
200,-150,500,450,1,0,0,0,0,13.5704
200,-150,600,-450,1,0,0,0,0,13.5704
200,-150,600,-350,1,1,1,0,0,29.5171
200,-150,600,-250,1,1,1,0,0,29.5334
200,-150,600,-150,1,1,1,0,0,29.5202
200,-150,600,-50,1,1,1,0,0,4.65038
200,-150,600,50,1,1,1,1,1,12.1713
200,-150,600,150,1,1,1,0,0,16.3767
200,-150,600,250,1,0,0,0,0,16.3767
200,-150,600,350,1,0,0,0,0,16.3767
200,-150,600,450,1,0,0,0,0,16.3767
200,-50,200,-450,1,1,1,1,1,29.7426
200,-50,200,-350,1,1,1,1,1,30.0128
200,-50,200,-250,1,1,1,1,1,29.6699
200,-50,200,-150,1,1,1,1,1,19.4939
200,-50,200,-50,1,1,1,0,0,0.000107
200,-50,200,50,1,1,1,0,0,4.65832
200,-50,200,150,1,1,1,0,0,1.25077
200,-50,200,250,1,1,1,0,0,1.39672
200,-50,200,350,1,1,1,0,0,1.45925
200,-50,200,450,1,1,1,0,0,5.23758
200,-50,300,-450,1,1,1,1,1,29.801
200,-50,300,-350,1,1,1,1,1,29.9251
200,-50,300,-250,1,1,1,1,1,29.753
200,-50,300,-150,1,1,1,1,1,29.7177
200,-50,300,-50,1,1,1,0,0,2.17605
200,-50,300,50,1,1,1,0,0,1.72049
200,-50,300,150,1,1,1,0,0,2.62582
200,-50,300,250,1,1,1,0,0,1.05288
200,-50,300,350,1,1,1,0,0,7.15691
200,-50,300,450,1,0,0,0,0,7.15691
200,-50,400,-450,1,1,1,1,1,29.6613
200,-50,400,-350,1,1,1,1,1,29.6853
200,-50,400,-250,1,1,1,1,1,29.7316
200,-50,400,-150,1,1,1,1,1,24.4712
200,-50,400,-50,1,1,1,1,1,21.6848
200,-50,400,50,1,1,1,0,0,1.62597
200,-50,400,150,1,1,1,0,0,5.77817
200,-50,400,250,1,1,1,1,1,10.0682
200,-50,400,350,1,1,1,0,0,7.8084
200,-50,400,450,1,0,0,0,0,7.8084
200,-50,500,-450,1,1,1,1,1,24.4384
200,-50,500,-350,1,1,1,1,1,25.6662
200,-50,500,-250,1,1,1,1,1,23.3607
200,-50,500,-150,1,1,1,1,1,20.9842
200,-50,500,-50,1,1,1,1,1,19.3651
200,-50,500,50,1,1,1,0,0,29.6989
200,-50,500,150,1,1,1,1,1,12.4467
200,-50,500,250,1,1,1,1,1,20.7969
200,-50,500,350,1,0,0,1,0,20.7969
200,-50,500,450,1,0,0,1,0,20.7969
200,-50,600,-450,1,0,0,1,0,20.7969
200,-50,600,-350,1,1,1,1,1,21.8839
200,-50,600,-250,1,1,1,1,1,21.9419
200,-50,600,-150,1,1,1,1,1,17.7934
200,-50,600,-50,1,1,1,0,0,30.0464
200,-50,600,50,1,1,1,0,0,5.71843
200,-50,600,150,1,1,1,1,1,22.2515
200,-50,600,250,1,0,0,1,0,22.2515
200,-50,600,350,1,0,0,1,0,22.2515
200,-50,600,450,1,0,0,1,0,22.2515
200,50,200,-450,1,1,1,1,1,30.0927
200,50,200,-350,1,1,1,1,1,30.3333
200,50,200,-250,1,1,1,1,1,30.0552
200,50,200,-150,1,1,1,1,1,30.2509
200,50,200,-50,1,1,1,1,1,19.2936
200,50,200,50,1,1,1,0,0,0
200,50,200,150,1,1,1,0,0,5.31712
200,50,200,250,1,1,1,0,0,2.16388
200,50,200,350,1,1,1,0,0,1.86775
200,50,200,450,1,1,1,0,0,6.6325
200,50,300,-450,1,1,1,1,1,30.1188
200,50,300,-350,1,1,1,1,1,30.2036
200,50,300,-250,1,1,1,1,1,30.0511
200,50,300,-150,1,1,1,1,1,30.0898
200,50,300,-50,1,1,1,1,1,30.0653
200,50,300,50,1,1,1,0,0,3.62022
200,50,300,150,1,1,1,0,0,14.0678
200,50,300,250,1,1,1,0,0,7.59765
200,50,300,350,1,1,1,0,0,0.179156
200,50,300,450,1,0,0,0,0,0.179156
200,50,400,-450,1,1,1,1,1,30.0486
200,50,400,-350,1,1,1,1,1,3.01E+01
200,50,400,-250,1,1,1,1,1,30.1086
200,50,400,-150,1,1,1,1,1,30.038
200,50,400,-50,1,1,1,1,1,30.0361
200,50,400,50,1,1,1,1,1,30.1328
200,50,400,150,1,1,1,1,1,29.2756
200,50,400,250,1,1,1,1,1,30.0749
200,50,400,350,1,1,1,0,0,22.5931
200,50,400,450,1,0,0,0,0,22.5931
200,50,500,-450,1,1,1,1,1,30.037
200,50,500,-350,1,1,1,1,1,30.0951
200,50,500,-250,1,1,1,1,1,30.0655
200,50,500,-150,1,1,1,1,1,30.0427
200,50,500,-50,1,1,1,1,1,30.0451
200,50,500,50,1,1,1,1,1,30.0718
200,50,500,150,1,1,1,1,1,29.1234
200,50,500,250,1,1,1,1,1,30.062
200,50,500,350,1,0,0,1,0,30.062
200,50,500,450,1,0,0,1,0,30.062
200,50,600,-450,1,0,0,1,0,30.062
200,50,600,-350,1,1,1,1,1,30.0562
200,50,600,-250,1,1,1,1,1,30.0755
200,50,600,-150,1,1,1,1,1,30.0403
200,50,600,-50,1,1,1,1,1,30.3641
200,50,600,50,1,1,1,1,1,29.2885
200,50,600,150,1,1,1,1,1,30.0435
200,50,600,250,1,0,0,1,0,30.0435
200,50,600,350,1,0,0,1,0,30.0435
200,50,600,450,1,0,0,1,0,30.0435
200,150,200,-450,1,1,1,1,1,29.8213
200,150,200,-350,1,1,1,1,1,30.1017
200,150,200,-250,1,1,1,1,1,29.7655
200,150,200,-150,1,1,1,1,1,29.9937
200,150,200,-50,1,1,1,1,1,29.7623
200,150,200,50,1,1,1,1,1,19.6567
200,150,200,150,1,1,1,0,0,0.000107
200,150,200,250,1,1,1,0,0,3.3152
200,150,200,350,1,1,1,0,0,16.7969
200,150,200,450,1,1,1,0,0,8.13311
200,150,300,-450,1,1,1,1,1,29.8566
200,150,300,-350,1,1,1,1,1,29.9639
200,150,300,-250,1,1,1,1,1,29.7132
200,150,300,-150,1,1,1,1,1,29.802
200,150,300,-50,1,1,1,1,1,29.7237
200,150,300,50,1,1,1,1,1,29.8231
200,150,300,150,1,1,1,0,0,7.48265
200,150,300,250,1,1,1,0,0,3.21375
200,150,300,350,1,1,1,0,0,3.26968
200,150,300,450,1,0,0,0,0,3.26968
200,150,400,-450,1,1,1,1,1,29.7541
200,150,400,-350,1,1,1,1,1,29.7804
200,150,400,-250,1,1,1,1,1,2.98E+01
200,150,400,-150,1,1,1,1,1,29.731
200,150,400,-50,1,1,1,1,1,29.7212
200,150,400,50,1,1,1,1,1,29.8376
200,150,400,150,1,1,1,1,1,29.0366
200,150,400,250,1,1,1,1,1,29.7354
200,150,400,350,1,1,1,1,1,29.8795
200,150,400,450,1,0,0,1,0,29.8795
200,150,500,-450,1,1,1,1,1,29.7276
200,150,500,-350,1,1,1,1,1,29.8079
200,150,500,-250,1,1,1,1,1,29.7238
200,150,500,-150,1,1,1,1,1,29.7425
200,150,500,-50,1,1,1,1,1,29.7474
200,150,500,50,1,1,1,1,1,29.7914
200,150,500,150,1,1,1,1,1,28.781
200,150,500,250,1,1,1,1,1,29.7764
200,150,500,350,1,0,0,1,0,29.7764
200,150,500,450,1,0,0,1,0,29.7764
200,150,600,-450,1,0,0,1,0,29.7764
200,150,600,-350,1,1,1,1,1,29.7157
200,150,600,-250,1,1,1,1,1,29.7362
200,150,600,-150,1,1,1,1,1,29.7131
200,150,600,-50,1,1,1,1,1,30.0637
200,150,600,50,1,1,1,1,1,29.0524
200,150,600,150,1,1,1,1,1,29.7444
200,150,600,250,1,0,0,1,0,29.7444
200,150,600,350,1,0,0,1,0,29.7444
200,150,600,450,1,0,0,1,0,29.7444
200,250,200,-450,1,1,1,1,1,29.8182
200,250,200,-350,1,1,1,1,1,30.1034
200,250,200,-250,1,1,1,1,1,29.7668
200,250,200,-150,1,1,1,1,1,29.9967
200,250,200,-50,1,1,1,1,1,29.7693
200,250,200,50,1,1,1,1,1,30.0166
200,250,200,150,1,1,1,1,1,20.683
200,250,200,250,1,1,1,0,0,0
200,250,200,350,1,1,1,0,0,4.41904
200,250,200,450,1,1,1,0,0,8.78386
200,250,300,-450,1,1,1,1,1,29.8513
200,250,300,-350,1,1,1,1,1,29.9532
200,250,300,-250,1,1,1,1,1,29.7262
200,250,300,-150,1,1,1,1,1,29.8144
200,250,300,-50,1,1,1,1,1,29.7343
200,250,300,50,1,1,1,1,1,29.8212
200,250,300,150,1,1,1,1,1,29.1769
200,250,300,250,1,1,1,0,0,6.47237
200,250,300,350,1,1,1,0,0,8.63546
200,250,300,450,1,0,0,0,0,8.63546
200,250,400,-450,1,1,1,1,1,29.7566
200,250,400,-350,1,1,1,1,1,29.7803
200,250,400,-250,1,1,1,1,1,29.8069
200,250,400,-150,1,1,1,1,1,2.97E+01
200,250,400,-50,1,1,1,1,1,29.7286
200,250,400,50,1,1,1,1,1,29.8346
200,250,400,150,1,1,1,1,1,29.0253
200,250,400,250,1,1,1,1,1,29.7435
200,250,400,350,1,1,1,1,1,29.873
200,250,400,450,1,0,0,1,0,29.873
200,250,500,-450,1,1,1,1,1,29.7337
200,250,500,-350,1,1,1,1,1,29.8211
200,250,500,-250,1,1,1,1,1,29.7344
200,250,500,-150,1,1,1,1,1,29.7463
200,250,500,-50,1,1,1,1,1,29.7507
200,250,500,50,1,1,1,1,1,29.7905
200,250,500,150,1,1,1,1,1,28.7941
200,250,500,250,1,1,1,1,1,29.7767
200,250,500,350,1,0,0,1,0,29.7767
200,250,500,450,1,0,0,1,0,29.7767
200,250,600,-450,1,0,0,1,0,29.7767
200,250,600,-350,1,1,1,1,1,29.7287
200,250,600,-250,1,1,1,1,1,29.7441
200,250,600,-150,1,1,1,1,1,29.7235
200,250,600,-50,1,1,1,1,1,30.0715
200,250,600,50,1,1,1,1,1,29.0405
200,250,600,150,1,1,1,1,1,29.748
200,250,600,250,1,0,0,1,0,29.748
200,250,600,350,1,0,0,1,0,29.748
200,250,600,450,1,0,0,1,0,29.748
200,350,200,-450,1,1,1,1,1,29.7302
200,350,200,-350,1,1,1,1,1,30.0191
200,350,200,-250,1,1,1,1,1,29.6985
200,350,200,-150,1,1,1,1,1,29.9997
200,350,200,-50,1,1,1,1,1,29.7754
200,350,200,50,1,1,1,1,1,30.0204
200,350,200,150,1,1,1,1,1,23.9823
200,350,200,250,1,1,1,1,1,16.6876
200,350,200,350,1,1,1,0,0,5.30E-05
200,350,200,450,1,1,1,0,0,6.66351
200,350,300,-450,1,1,1,1,1,29.7658
200,350,300,-350,1,1,1,1,1,29.901
200,350,300,-250,1,1,1,1,1,29.7191
200,350,300,-150,1,1,1,1,1,29.7268
200,350,300,-50,1,1,1,1,1,29.7379
200,350,300,50,1,1,1,1,1,29.8221
200,350,300,150,1,1,1,1,1,29.241
200,350,300,250,1,1,1,1,1,29.7219
200,350,300,350,1,1,1,0,0,15.0694
200,350,300,450,1,0,0,0,0,15.0694
200,350,400,-450,1,1,1,1,1,29.6945
200,350,400,-350,1,1,1,1,1,29.705
200,350,400,-250,1,1,1,1,1,29.7482
200,350,400,-150,1,1,1,1,1,29.6902
200,350,400,-50,1,1,1,1,1,29.6923
200,350,400,50,1,1,1,1,1,29.8347
200,350,400,150,1,1,1,1,1,29.0003
200,350,400,250,1,1,1,1,1,29.75
200,350,400,350,1,1,1,1,1,29.7939
200,350,400,450,1,0,0,1,0,29.7939
200,350,500,-450,1,1,1,1,1,29.6905
200,350,500,-350,1,1,1,1,1,29.733
200,350,500,-250,1,1,1,1,1,29.738
200,350,500,-150,1,1,1,1,1,29.6913
200,350,500,-50,1,1,1,1,1,29.6926
200,350,500,50,1,1,1,1,1,29.7104
200,350,500,150,1,1,1,1,1,28.7916
200,350,500,250,1,1,1,1,1,29.7032
200,350,500,350,1,0,0,1,0,29.7032
200,350,500,450,1,0,0,1,0,29.7032
200,350,600,-450,1,0,0,1,0,29.7032
200,350,600,-350,1,1,1,1,1,29.726
200,350,600,-250,1,1,1,1,1,29.7506
200,350,600,-150,1,1,1,1,1,29.6986
200,350,600,-50,1,1,1,1,1,30.078
200,350,600,50,1,1,1,1,1,29.0277
200,350,600,150,1,1,1,1,1,29.6917
200,350,600,250,1,0,0,1,0,29.6917
200,350,600,350,1,0,0,1,0,29.6917
200,350,600,450,1,0,0,1,0,29.6917
200,450,200,-450,1,1,1,1,1,29.8201
200,450,200,-350,1,1,1,1,1,30.0612
200,450,200,-250,1,1,1,1,1,29.7488
200,450,200,-150,1,1,1,1,1,29.9904
200,450,200,-50,1,1,1,1,1,29.7447
200,450,200,50,1,1,1,1,1,30.0055
200,450,200,150,1,1,1,1,1,21.4472
200,450,200,250,1,1,1,1,1,29.7132
200,450,200,350,1,1,1,0,0,3.65735
200,450,200,450,1,1,1,0,0,4.50E-05
200,450,300,-450,1,1,1,1,1,29.863
200,450,300,-350,1,1,1,1,1,29.9891
200,450,300,-250,1,1,1,1,1,29.6838
200,450,300,-150,1,1,1,1,1,29.7628
200,450,300,-50,1,1,1,1,1,29.7099
200,450,300,50,1,1,1,1,1,29.8448
200,450,300,150,1,1,1,1,1,29.2269
200,450,300,250,1,1,1,1,1,29.7675
200,450,300,350,1,1,1,1,1,29.7569
200,450,300,450,1,0,0,1,0,29.7569
200,450,400,-450,1,1,1,1,1,29.7333
200,450,400,-350,1,1,1,1,1,29.7683
200,450,400,-250,1,1,1,1,1,29.7619
200,450,400,-150,1,1,1,1,1,29.6998
200,450,400,-50,1,1,1,1,1,29.6834
200,450,400,50,1,1,1,1,1,29.858
200,450,400,150,1,1,1,1,1,29.0636
200,450,400,250,1,1,1,1,1,29.7241
200,450,400,350,1,1,1,1,1,29.8905
200,450,400,450,1,0,0,1,0,29.8905
200,450,500,-450,1,1,1,1,1,29.6944
200,450,500,-350,1,1,1,1,1,29.7689
200,450,500,-250,1,1,1,1,1,29.71
200,450,500,-150,1,1,1,1,1,29.717
200,450,500,-50,1,1,1,1,1,29.7115
200,450,500,50,1,1,1,1,1,29.7825
200,450,500,150,1,1,1,1,1,28.7584
200,450,500,250,1,1,1,1,1,29.7569
200,450,500,350,1,0,0,1,0,29.7569
200,450,500,450,1,0,0,1,0,29.7569
200,450,600,-450,1,0,0,1,0,29.7569
200,450,600,-350,1,1,1,1,1,29.6926
200,450,600,-250,1,1,1,1,1,29.7247
200,450,600,-150,1,1,1,1,1,29.6714
200,450,600,-50,1,1,1,1,1,30.0435
200,450,600,50,1,1,1,1,1,29.0819
200,450,600,150,1,1,1,1,1,29.7198
200,450,600,250,1,0,0,1,0,29.7198
200,450,600,350,1,0,0,1,0,29.7198
200,450,600,450,1,0,0,1,0,29.7198
300,-450,200,-450,0,1,0,1,0,29.8201
300,-450,200,-350,0,1,0,1,0,30.0612
300,-450,200,-250,0,1,0,1,0,29.7488
300,-450,200,-150,0,1,0,1,0,29.9904
300,-450,200,-50,0,1,0,1,0,29.7447
300,-450,200,50,0,1,0,1,0,30.0055
300,-450,200,150,0,1,0,1,0,21.4472
300,-450,200,250,0,1,0,1,0,29.7132
300,-450,200,350,0,1,0,0,0,3.65735
300,-450,200,450,0,1,0,0,0,4.50E-05
300,-450,300,-450,0,1,0,1,0,29.863
300,-450,300,-350,0,1,0,1,0,29.9891
300,-450,300,-250,0,1,0,1,0,29.6838
300,-450,300,-150,0,1,0,1,0,29.7628
300,-450,300,-50,0,1,0,1,0,29.7099
300,-450,300,50,0,1,0,1,0,29.8448
300,-450,300,150,0,1,0,1,0,29.2269
300,-450,300,250,0,1,0,1,0,29.7675
300,-450,300,350,0,1,0,1,0,29.7569
300,-450,300,450,0,0,0,1,0,29.7569
300,-450,400,-450,0,1,0,1,0,29.7333
300,-450,400,-350,0,1,0,1,0,29.7683
300,-450,400,-250,0,1,0,1,0,29.7619
300,-450,400,-150,0,1,0,1,0,29.6998
300,-450,400,-50,0,1,0,1,0,29.6834
300,-450,400,50,0,1,0,1,0,29.858
300,-450,400,150,0,1,0,1,0,29.0636
300,-450,400,250,0,1,0,1,0,29.7241
300,-450,400,350,0,1,0,1,0,29.8905
300,-450,400,450,0,0,0,1,0,29.8905
300,-450,500,-450,0,1,0,1,0,29.6944
300,-450,500,-350,0,1,0,1,0,29.7689
300,-450,500,-250,0,1,0,1,0,29.71
300,-450,500,-150,0,1,0,1,0,29.717
300,-450,500,-50,0,1,0,1,0,29.7115
300,-450,500,50,0,1,0,1,0,29.7825
300,-450,500,150,0,1,0,1,0,28.7584
300,-450,500,250,0,1,0,1,0,29.7569
300,-450,500,350,0,0,0,1,0,29.7569
300,-450,500,450,0,0,0,1,0,29.7569
300,-450,600,-450,0,0,0,1,0,29.7569
300,-450,600,-350,0,1,0,1,0,29.6926
300,-450,600,-250,0,1,0,1,0,29.7247
300,-450,600,-150,0,1,0,1,0,29.6714
300,-450,600,-50,0,1,0,1,0,30.0435
300,-450,600,50,0,1,0,1,0,29.0819
300,-450,600,150,0,1,0,1,0,29.7198
300,-450,600,250,0,0,0,1,0,29.7198
300,-450,600,350,0,0,0,1,0,29.7198
300,-450,600,450,0,0,0,1,0,29.7198
300,-350,200,-450,1,1,1,1,1,30.1125
300,-350,200,-350,1,1,1,0,0,16.8734
300,-350,200,-250,1,1,1,0,0,30.0596
300,-350,200,-150,1,1,1,0,0,6.19685
300,-350,200,-50,1,1,1,0,0,2.23831
300,-350,200,50,1,1,1,0,0,7.14156
300,-350,200,150,1,1,1,0,0,18.3389
300,-350,200,250,1,1,1,0,0,3.17688
300,-350,200,350,1,1,1,0,0,15.0712
300,-350,200,450,1,1,1,0,0,18.1434
300,-350,300,-450,1,1,1,0,0,8.10789
300,-350,300,-350,1,1,1,0,0,4.60E-05
300,-350,300,-250,1,1,1,0,0,0.848977
300,-350,300,-150,1,1,1,0,0,5.81408
300,-350,300,-50,1,1,1,0,0,0.582301
300,-350,300,50,1,1,1,0,0,0.915497
300,-350,300,150,1,1,1,0,0,1.58721
300,-350,300,250,1,1,1,0,0,21.1571
300,-350,300,350,1,1,1,0,0,14.883
300,-350,300,450,1,0,0,0,0,14.883
300,-350,400,-450,1,1,1,1,1,12.6259
300,-350,400,-350,1,1,1,0,0,7.29609
300,-350,400,-250,1,1,1,0,0,4.28412
300,-350,400,-150,1,1,1,0,0,9.7831
300,-350,400,-50,1,1,1,0,0,8.39769
300,-350,400,50,1,1,1,0,0,3.40453
300,-350,400,150,1,1,1,0,0,5.39269
300,-350,400,250,1,1,1,0,0,7.70E+00
300,-350,400,350,1,1,1,0,0,1.66332
300,-350,400,450,1,0,0,0,0,1.66332
300,-350,500,-450,1,1,1,0,0,3.52273
300,-350,500,-350,1,1,1,0,0,10.8144
300,-350,500,-250,1,1,1,0,0,15.2904
300,-350,500,-150,1,1,1,0,0,8.13583
300,-350,500,-50,1,1,1,0,0,22.48
300,-350,500,50,1,1,1,0,0,11.279
300,-350,500,150,1,1,1,0,0,14.5325
300,-350,500,250,1,1,1,0,0,4.86168
300,-350,500,350,1,0,0,0,0,4.86168
300,-350,500,450,1,0,0,0,0,4.86168
300,-350,600,-450,1,0,0,0,0,4.86168
300,-350,600,-350,1,1,1,0,0,17.0353
300,-350,600,-250,1,1,1,0,0,18.0903
300,-350,600,-150,1,1,1,0,0,25.6797
300,-350,600,-50,1,1,1,0,0,21.6091
300,-350,600,50,1,1,1,0,0,7.64389
300,-350,600,150,1,1,1,0,0,18.1003
300,-350,600,250,1,0,0,0,0,18.1003
300,-350,600,350,1,0,0,0,0,18.1003
300,-350,600,450,1,0,0,0,0,18.1003
300,-250,200,-450,1,1,1,1,1,30.1156
300,-250,200,-350,1,1,1,1,1,30.3319
300,-250,200,-250,1,1,1,1,1,12.3901
300,-250,200,-150,1,1,1,0,0,30.0999
300,-250,200,-50,1,1,1,0,0,8.93816
300,-250,200,50,1,1,1,0,0,0.323522
300,-250,200,150,1,1,1,0,0,5.76437
300,-250,200,250,1,1,1,0,0,12.1558
300,-250,200,350,1,1,1,0,0,16.7246
300,-250,200,450,1,1,1,0,0,1.6434
300,-250,300,-450,1,1,1,1,1,30.1555
300,-250,300,-350,1,1,1,0,0,6.44819
300,-250,300,-250,1,1,1,0,0,0
300,-250,300,-150,1,1,1,0,0,3.24658
300,-250,300,-50,1,1,1,0,0,10.4525
300,-250,300,50,1,1,1,0,0,2.45101
300,-250,300,150,1,1,1,0,0,0.292766
300,-250,300,250,1,1,1,0,0,5.72773
300,-250,300,350,1,1,1,0,0,20.9693
300,-250,300,450,1,0,0,0,0,20.9693
300,-250,400,-450,1,1,1,1,1,30.0367
300,-250,400,-350,1,1,1,1,1,19.3884
300,-250,400,-250,1,1,1,0,0,1.87007
300,-250,400,-150,1,1,1,0,0,2.22228
300,-250,400,-50,1,1,1,0,0,1.21303
300,-250,400,50,1,1,1,0,0,2.39888
300,-250,400,150,1,1,1,0,0,1.24227
300,-250,400,250,1,1,1,0,0,1.52511
300,-250,400,350,1,1,1,0,0,6.13E+00
300,-250,400,450,1,0,0,0,0,6.12675
300,-250,500,-450,1,1,1,1,1,30.0029
300,-250,500,-350,1,1,1,1,1,30.0338
300,-250,500,-250,1,1,1,1,1,22.4683
300,-250,500,-150,1,1,1,0,0,11.4775
300,-250,500,-50,1,1,1,0,0,3.58968
300,-250,500,50,1,1,1,0,0,6.91874
300,-250,500,150,1,1,1,0,0,9.27327
300,-250,500,250,1,1,1,0,0,8.82481
300,-250,500,350,1,0,0,0,0,8.82481
300,-250,500,450,1,0,0,0,0,8.82481
300,-250,600,-450,1,0,0,0,0,8.82481
300,-250,600,-350,1,1,1,0,0,15.6059
300,-250,600,-250,1,1,1,0,0,14.2687
300,-250,600,-150,1,1,1,0,0,1.2524
300,-250,600,-50,1,1,1,0,0,2.91597
300,-250,600,50,1,1,1,0,0,2.14402
300,-250,600,150,1,1,1,0,0,5.68114
300,-250,600,250,1,0,0,0,0,5.68114
300,-250,600,350,1,0,0,0,0,5.68114
300,-250,600,450,1,0,0,0,0,5.68114
300,-150,200,-450,1,1,1,1,1,29.2393
300,-150,200,-350,1,1,1,1,1,29.2558
300,-150,200,-250,1,1,1,1,1,29.3528
300,-150,200,-150,1,1,1,0,0,6.59149
300,-150,200,-50,1,1,1,0,0,20.0205
300,-150,200,50,1,1,1,0,0,0.749931
300,-150,200,150,1,1,1,0,0,2.03521
300,-150,200,250,1,1,1,0,0,3.23572
300,-150,200,350,1,1,1,0,0,9.43586
300,-150,200,450,1,1,1,0,0,6.26727
300,-150,300,-450,1,1,1,1,1,29.2004
300,-150,300,-350,1,1,1,1,1,29.1728
300,-150,300,-250,1,1,1,1,1,27.8047
300,-150,300,-150,1,1,1,0,0,6.10E-05
300,-150,300,-50,1,1,1,0,0,3.50764
300,-150,300,50,1,1,1,0,0,10.4002
300,-150,300,150,1,1,1,0,0,3.0595
300,-150,300,250,1,1,1,0,0,6.43227
300,-150,300,350,1,1,1,0,0,1.06345
300,-150,300,450,1,0,0,0,0,1.06345
300,-150,400,-450,1,1,1,1,1,29.2615
300,-150,400,-350,1,1,1,1,1,29.2517
300,-150,400,-250,1,1,1,1,1,29.1931
300,-150,400,-150,1,1,1,0,0,1.49046
300,-150,400,-50,1,1,1,0,0,0.411428
300,-150,400,50,1,1,1,0,0,3.2166
300,-150,400,150,1,1,1,0,0,1.91899
300,-150,400,250,1,1,1,0,0,1.69178
300,-150,400,350,1,1,1,0,0,7.94806
300,-150,400,450,1,0,0,0,0,7.95E+00
300,-150,500,-450,1,1,1,1,1,29.2665
300,-150,500,-350,1,1,1,1,1,29.2258
300,-150,500,-250,1,1,1,1,1,29.1865
300,-150,500,-150,1,1,1,1,1,29.2689
300,-150,500,-50,1,1,1,1,1,22.884
300,-150,500,50,1,1,1,0,0,4.39495
300,-150,500,150,1,1,1,0,0,6.78762
300,-150,500,250,1,1,1,0,0,8.14438
300,-150,500,350,1,0,0,0,0,8.14438
300,-150,500,450,1,0,0,0,0,8.14438
300,-150,600,-450,1,0,0,0,0,8.14438
300,-150,600,-350,1,1,1,1,1,29.2021
300,-150,600,-250,1,1,1,1,1,29.1763
300,-150,600,-150,1,1,1,1,1,29.1875
300,-150,600,-50,1,1,1,0,0,8.31647
300,-150,600,50,1,1,1,0,0,2.00639
300,-150,600,150,1,1,1,0,0,12.7919
300,-150,600,250,1,0,0,0,0,12.7919
300,-150,600,350,1,0,0,0,0,12.7919
300,-150,600,450,1,0,0,0,0,12.7919
300,-50,200,-450,1,1,1,1,1,29.7673
300,-50,200,-350,1,1,1,1,1,30.0386
300,-50,200,-250,1,1,1,1,1,29.7436
300,-50,200,-150,1,1,1,1,1,30.0387
300,-50,200,-50,1,1,1,0,0,10.3549
300,-50,200,50,1,1,1,0,0,1.91653
300,-50,200,150,1,1,1,0,0,3.2494
300,-50,200,250,1,1,1,0,0,1.27399
300,-50,200,350,1,1,1,0,0,1.10248
300,-50,200,450,1,1,1,0,0,21.4969
300,-50,300,-450,1,1,1,1,1,29.7876
300,-50,300,-350,1,1,1,1,1,29.8994
300,-50,300,-250,1,1,1,1,1,29.7759
300,-50,300,-150,1,1,1,1,1,19.9597
300,-50,300,-50,1,1,1,0,0,0
300,-50,300,50,1,1,1,0,0,1.62865
300,-50,300,150,1,1,1,0,0,2.41218
300,-50,300,250,1,1,1,0,0,6.03657
300,-50,300,350,1,1,1,0,0,2.78688
300,-50,300,450,1,0,0,0,0,2.78688
300,-50,400,-450,1,1,1,1,1,29.7407
300,-50,400,-350,1,1,1,1,1,29.7487
300,-50,400,-250,1,1,1,1,1,29.7789
300,-50,400,-150,1,1,1,1,1,29.7395
300,-50,400,-50,1,1,1,0,0,4.36488
300,-50,400,50,1,1,1,0,0,4.8719
300,-50,400,150,1,1,1,0,0,2.51063
300,-50,400,250,1,1,1,0,0,3.36224
300,-50,400,350,1,1,1,0,0,3.38757
300,-50,400,450,1,0,0,0,0,3.38757
300,-50,500,-450,1,1,1,1,1,2.97E+01
300,-50,500,-350,1,1,1,1,1,29.769
300,-50,500,-250,1,1,1,1,1,29.797
300,-50,500,-150,1,1,1,1,1,29.739
300,-50,500,-50,1,1,1,1,1,29.7396
300,-50,500,50,1,1,1,1,1,29.7532
300,-50,500,150,1,1,1,1,1,18.2514
300,-50,500,250,1,1,1,0,0,10.042
300,-50,500,350,1,0,0,0,0,10.042
300,-50,500,450,1,0,0,0,0,10.042
300,-50,600,-450,1,0,0,0,0,10.042
300,-50,600,-350,1,1,1,1,1,29.7836
300,-50,600,-250,1,1,1,1,1,29.8108
300,-50,600,-150,1,1,1,1,1,29.7437
300,-50,600,-50,1,1,1,1,1,30.1218
300,-50,600,50,1,1,1,1,1,28.9981
300,-50,600,150,1,1,1,0,0,6.93878
300,-50,600,250,1,0,0,0,0,6.93878
300,-50,600,350,1,0,0,0,0,6.93878
300,-50,600,450,1,0,0,0,0,6.93878
300,50,200,-450,1,1,1,1,1,30.1116
300,50,200,-350,1,1,1,1,1,30.3966
300,50,200,-250,1,1,1,1,1,30.0597
300,50,200,-150,1,1,1,1,1,30.1684
300,50,200,-50,1,1,1,1,1,30.0444
300,50,200,50,1,1,1,0,0,9.56923
300,50,200,150,1,1,1,0,0,4.02182
300,50,200,250,1,1,1,0,0,2.98336
300,50,200,350,1,1,1,0,0,2.73238
300,50,200,450,1,1,1,0,0,6.09135
300,50,300,-450,1,1,1,1,1,30.1449
300,50,300,-350,1,1,1,1,1,30.2473
300,50,300,-250,1,1,1,1,1,30.0177
300,50,300,-150,1,1,1,1,1,30.1059
300,50,300,-50,1,1,1,1,1,18.2448
300,50,300,50,1,1,1,0,0,9.10E-05
300,50,300,150,1,1,1,0,0,3.50654
300,50,300,250,1,1,1,0,0,12.4673
300,50,300,350,1,1,1,0,0,4.14423
300,50,300,450,1,0,0,0,0,4.14423
300,50,400,-450,1,1,1,1,1,30.0493
300,50,400,-350,1,1,1,1,1,30.0734
300,50,400,-250,1,1,1,1,1,30.0846
300,50,400,-150,1,1,1,1,1,30.0289
300,50,400,-50,1,1,1,1,1,30.0208
300,50,400,50,1,1,1,0,0,0
300,50,400,150,1,1,1,0,0,18.3471
300,50,400,250,1,1,1,0,0,11.5865
300,50,400,350,1,1,1,0,0,4.96719
300,50,400,450,1,0,0,0,0,4.96719
300,50,500,-450,1,1,1,1,1,30.0261
300,50,500,-350,1,1,1,1,1,3.01E+01
300,50,500,-250,1,1,1,1,1,30.0251
300,50,500,-150,1,1,1,1,1,30.039
300,50,500,-50,1,1,1,1,1,30.0434
300,50,500,50,1,1,1,1,1,30.0836
300,50,500,150,1,1,1,1,1,29.087
300,50,500,250,1,1,1,1,1,24.4369
300,50,500,350,1,0,0,1,0,24.4369
300,50,500,450,1,0,0,1,0,24.4369
300,50,600,-450,1,0,0,1,0,24.4369
300,50,600,-350,1,1,1,1,1,30.0201
300,50,600,-250,1,1,1,1,1,30.0312
300,50,600,-150,1,1,1,1,1,30.0153
300,50,600,-50,1,1,1,1,1,30.2857
300,50,600,50,1,1,1,1,1,29.3362
300,50,600,150,1,1,1,1,1,30.0407
300,50,600,250,1,0,0,1,0,30.0407
300,50,600,350,1,0,0,1,0,30.0407
300,50,600,450,1,0,0,1,0,30.0407
300,150,200,-450,1,1,1,1,1,29.7368
300,150,200,-350,1,1,1,1,1,30.0235
300,150,200,-250,1,1,1,1,1,29.6934
300,150,200,-150,1,1,1,1,1,29.9911
300,150,200,-50,1,1,1,1,1,29.743
300,150,200,50,1,1,1,1,1,30.0055
300,150,200,150,1,1,1,0,0,3.79936
300,150,200,250,1,1,1,0,0,9.25319
300,150,200,350,1,1,1,0,0,2.09472
300,150,200,450,1,1,1,0,0,1.75893
300,150,300,-450,1,1,1,1,1,29.768
300,150,300,-350,1,1,1,1,1,29.8993
300,150,300,-250,1,1,1,1,1,29.6827
300,150,300,-150,1,1,1,1,1,29.7335
300,150,300,-50,1,1,1,1,1,29.7101
300,150,300,50,1,1,1,1,1,19.9412
300,150,300,150,1,1,1,0,0,0
300,150,300,250,1,1,1,0,0,3.2454
300,150,300,350,1,1,1,0,0,7.84333
300,150,300,450,1,0,0,0,0,7.84333
300,150,400,-450,1,1,1,1,1,29.6854
300,150,400,-350,1,1,1,1,1,29.7045
300,150,400,-250,1,1,1,1,1,29.7547
300,150,400,-150,1,1,1,1,1,29.6709
300,150,400,-50,1,1,1,1,1,29.6665
300,150,400,50,1,1,1,1,1,29.8627
300,150,400,150,1,1,1,0,0,5.43548
300,150,400,250,1,1,1,0,0,4.3614
300,150,400,350,1,1,1,0,0,2.85179
300,150,400,450,1,0,0,0,0,2.85179
300,150,500,-450,1,1,1,1,1,29.6692
300,150,500,-350,1,1,1,1,1,29.7394
300,150,500,-250,1,1,1,1,1,29.7102
300,150,500,-150,1,1,1,1,1,29.6777
300,150,500,-50,1,1,1,1,1,29.6809
300,150,500,50,1,1,1,1,1,29.713
300,150,500,150,1,1,1,1,1,28.7585
300,150,500,250,1,1,1,1,1,29.7016
300,150,500,350,1,0,0,1,0,29.7016
300,150,500,450,1,0,0,1,0,29.7016
300,150,600,-450,1,0,0,1,0,29.7016
300,150,600,-350,1,1,1,1,1,29.6926
300,150,600,-250,1,1,1,1,1,29.7242
300,150,600,-150,1,1,1,1,1,29.6669
300,150,600,-50,1,1,1,1,1,30.0413
300,150,600,50,1,1,1,1,1,29.0151
300,150,600,150,1,1,1,1,1,29.6789
300,150,600,250,1,0,0,1,0,29.6789
300,150,600,350,1,0,0,1,0,29.6789
300,150,600,450,1,0,0,1,0,29.6789
300,250,200,-450,1,1,1,1,1,29.7256
300,250,200,-350,1,1,1,1,1,30.0137
300,250,200,-250,1,1,1,1,1,29.6825
300,250,200,-150,1,1,1,1,1,30.0696
300,250,200,-50,1,1,1,1,1,29.7755
300,250,200,50,1,1,1,1,1,30.0717
300,250,200,150,1,1,1,1,1,13.0252
300,250,200,250,1,1,1,0,0,7.46369
300,250,200,350,1,1,1,0,0,1.13465
300,250,200,450,1,1,1,0,0,11.6197
300,250,300,-450,1,1,1,1,1,29.7708
300,250,300,-350,1,1,1,1,1,29.9076
300,250,300,-250,1,1,1,1,1,29.7733
300,250,300,-150,1,1,1,1,1,29.7198
300,250,300,-50,1,1,1,1,1,29.7788
300,250,300,50,1,1,1,1,1,29.9152
300,250,300,150,1,1,1,1,1,22.887
300,250,300,250,1,1,1,0,0,0
300,250,300,350,1,1,1,0,0,1.11216
300,250,300,450,1,0,0,0,0,1.11216
300,250,400,-450,1,1,1,1,1,29.6818
300,250,400,-350,1,1,1,1,1,29.6889
300,250,400,-250,1,1,1,1,1,29.7387
300,250,400,-150,1,1,1,1,1,29.6959
300,250,400,-50,1,1,1,1,1,29.7103
300,250,400,50,1,1,1,1,1,29.927
300,250,400,150,1,1,1,1,1,29.026
300,250,400,250,1,1,1,0,0,15.0959
300,250,400,350,1,1,1,0,0,9.40062
300,250,400,450,1,0,0,0,0,9.40062
300,250,500,-450,1,1,1,1,1,29.6998
300,250,500,-350,1,1,1,1,1,29.7266
300,250,500,-250,1,1,1,1,1,29.7785
300,250,500,-150,1,1,1,1,1,2.97E+01
300,250,500,-50,1,1,1,1,1,29.6837
300,250,500,50,1,1,1,1,1,29.6965
300,250,500,150,1,1,1,1,1,28.8522
300,250,500,250,1,1,1,1,1,29.6868
300,250,500,350,1,0,0,1,0,29.6868
300,250,500,450,1,0,0,1,0,29.6868
300,250,600,-450,1,0,0,1,0,29.6868
300,250,600,-350,1,1,1,1,1,29.7754
300,250,600,-250,1,1,1,1,1,29.7788
300,250,600,-150,1,1,1,1,1,29.6826
300,250,600,-50,1,1,1,1,1,30.0651
300,250,600,50,1,1,1,1,1,29.0525
300,250,600,150,1,1,1,1,1,29.685
300,250,600,250,1,0,0,1,0,29.685
300,250,600,350,1,0,0,1,0,29.685
300,250,600,450,1,0,0,1,0,29.685
300,350,200,-450,1,1,1,1,1,29.7557
300,350,200,-350,1,1,1,1,1,30.0145
300,350,200,-250,1,1,1,1,1,29.6723
300,350,200,-150,1,1,1,1,1,30.0261
300,350,200,-50,1,1,1,1,1,29.7489
300,350,200,50,1,1,1,1,1,30.0327
300,350,200,150,1,1,1,1,1,14.8597
300,350,200,250,1,1,1,1,1,26.9092
300,350,200,350,1,1,1,0,0,10.2412
300,350,200,450,1,1,1,0,0,4.88435
300,350,300,-450,1,1,1,1,1,29.8152
300,350,300,-350,1,1,1,1,1,29.9334
300,350,300,-250,1,1,1,1,1,29.7424
300,350,300,-150,1,1,1,1,1,29.719
300,350,300,-50,1,1,1,1,1,29.7389
300,350,300,50,1,1,1,1,1,29.9167
300,350,300,150,1,1,1,1,1,29.269
300,350,300,250,1,1,1,1,1,12.6528
300,350,300,350,1,1,1,0,0,4.60E-05
300,350,300,450,1,0,0,0,0,4.60E-05
300,350,400,-450,1,1,1,1,1,29.6609
300,350,400,-350,1,1,1,1,1,29.6909
300,350,400,-250,1,1,1,1,1,29.7309
300,350,400,-150,1,1,1,1,1,29.6518
300,350,400,-50,1,1,1,1,1,29.6613
300,350,400,50,1,1,1,1,1,29.9307
300,350,400,150,1,1,1,1,1,29.0622
300,350,400,250,1,1,1,1,1,29.7441
300,350,400,350,1,1,1,0,0,9.98847
300,350,400,450,1,0,0,0,0,9.98847
300,350,500,-450,1,1,1,1,1,29.6534
300,350,500,-350,1,1,1,1,1,29.7256
300,350,500,-250,1,1,1,1,1,29.7388
300,350,500,-150,1,1,1,1,1,29.6531
300,350,500,-50,1,1,1,1,1,29.6558
300,350,500,50,1,1,1,1,1,29.7067
300,350,500,150,1,1,1,1,1,28.8253
300,350,500,250,1,1,1,1,1,29.6854
300,350,500,350,1,0,0,1,0,29.6854
300,350,500,450,1,0,0,1,0,29.6854
300,350,600,-450,1,0,0,1,0,29.6854
300,350,600,-350,1,1,1,1,1,29.7302
300,350,600,-250,1,1,1,1,1,29.7441
300,350,600,-150,1,1,1,1,1,29.661
300,350,600,-50,1,1,1,1,1,30.0417
300,350,600,50,1,1,1,1,1,29.0858
300,350,600,150,1,1,1,1,1,29.654
300,350,600,250,1,0,0,1,0,29.654
300,350,600,350,1,0,0,1,0,29.654
300,350,600,450,1,0,0,1,0,29.654
300,450,200,-450,1,1,1,1,1,29.8104
300,450,200,-350,1,1,1,1,1,30.0417
300,450,200,-250,1,1,1,1,1,29.7292
300,450,200,-150,1,1,1,1,1,29.9947
300,450,200,-50,1,1,1,1,1,29.7399
300,450,200,50,1,1,1,1,1,30.0073
300,450,200,150,1,1,1,1,1,14.347
300,450,200,250,1,1,1,1,1,29.6871
300,450,200,350,1,1,1,1,1,19.8925
300,450,200,450,1,1,1,0,0,14.263
300,450,300,-450,1,1,1,1,1,29.8583
300,450,300,-350,1,1,1,1,1,29.9937
300,450,300,-250,1,1,1,1,1,29.6853
300,450,300,-150,1,1,1,1,1,29.7441
300,450,300,-50,1,1,1,1,1,29.7122
300,450,300,50,1,1,1,1,1,29.8654
300,450,300,150,1,1,1,1,1,29.2482
300,450,300,250,1,1,1,1,1,29.7469
300,450,300,350,1,1,1,0,0,10.2538
300,450,300,450,1,0,0,0,0,10.2538
300,450,400,-450,1,1,1,1,1,29.7111
300,450,400,-350,1,1,1,1,1,29.7517
300,450,400,-250,1,1,1,1,1,29.7469
300,450,400,-150,1,1,1,1,1,29.6714
300,450,400,-50,1,1,1,1,1,29.6579
300,450,400,50,1,1,1,1,1,29.8774
300,450,400,150,1,1,1,1,1,29.0722
300,450,400,250,1,1,1,1,1,29.7239
300,450,400,350,1,1,1,1,1,29.8886
300,450,400,450,1,0,0,1,0,29.8886
300,450,500,-450,1,1,1,1,1,29.6661
300,450,500,-350,1,1,1,1,1,29.7504
300,450,500,-250,1,1,1,1,1,29.7123
300,450,500,-150,1,1,1,1,1,29.6917
300,450,500,-50,1,1,1,1,1,29.6883
300,450,500,50,1,1,1,1,1,29.768
300,450,500,150,1,1,1,1,1,28.7646
300,450,500,250,1,1,1,1,1,29.7302
300,450,500,350,1,0,0,1,0,29.7302
300,450,500,450,1,0,0,1,0,29.7302
300,450,600,-450,1,0,0,1,0,29.7302
300,450,600,-350,1,1,1,1,1,29.6966
300,450,600,-250,1,1,1,1,1,29.7243
300,450,600,-150,1,1,1,1,1,29.6598
300,450,600,-50,1,1,1,1,1,30.037
300,450,600,50,1,1,1,1,1,29.0921
300,450,600,150,1,1,1,1,1,29.6951
300,450,600,250,1,0,0,1,0,29.6951
300,450,600,350,1,0,0,1,0,29.6951
300,450,600,450,1,0,0,1,0,29.6951
400,-450,200,-450,0,1,0,1,0,29.8104
400,-450,200,-350,0,1,0,1,0,30.0417
400,-450,200,-250,0,1,0,1,0,29.7292
400,-450,200,-150,0,1,0,1,0,29.9947
400,-450,200,-50,0,1,0,1,0,29.7399
400,-450,200,50,0,1,0,1,0,30.0073
400,-450,200,150,0,1,0,1,0,14.347
400,-450,200,250,0,1,0,1,0,29.6871
400,-450,200,350,0,1,0,1,0,19.8925
400,-450,200,450,0,1,0,0,0,14.263
400,-450,300,-450,0,1,0,1,0,29.8583
400,-450,300,-350,0,1,0,1,0,29.9937
400,-450,300,-250,0,1,0,1,0,29.6853
400,-450,300,-150,0,1,0,1,0,29.7441
400,-450,300,-50,0,1,0,1,0,29.7122
400,-450,300,50,0,1,0,1,0,29.8654
400,-450,300,150,0,1,0,1,0,29.2482
400,-450,300,250,0,1,0,1,0,29.7469
400,-450,300,350,0,1,0,0,0,10.2538
400,-450,300,450,0,0,0,0,0,10.2538
400,-450,400,-450,0,1,0,1,0,29.7111
400,-450,400,-350,0,1,0,1,0,29.7517
400,-450,400,-250,0,1,0,1,0,29.7469
400,-450,400,-150,0,1,0,1,0,29.6714
400,-450,400,-50,0,1,0,1,0,29.6579
400,-450,400,50,0,1,0,1,0,29.8774
400,-450,400,150,0,1,0,1,0,29.0722
400,-450,400,250,0,1,0,1,0,29.7239
400,-450,400,350,0,1,0,1,0,29.8886
400,-450,400,450,0,0,0,1,0,29.8886
400,-450,500,-450,0,1,0,1,0,29.6661
400,-450,500,-350,0,1,0,1,0,29.7504
400,-450,500,-250,0,1,0,1,0,29.7123
400,-450,500,-150,0,1,0,1,0,29.6917
400,-450,500,-50,0,1,0,1,0,29.6883
400,-450,500,50,0,1,0,1,0,29.768
400,-450,500,150,0,1,0,1,0,2.88E+01
400,-450,500,250,0,1,0,1,0,29.7302
400,-450,500,350,0,0,0,1,0,29.7302
400,-450,500,450,0,0,0,1,0,29.7302
400,-450,600,-450,0,0,0,1,0,29.7302
400,-450,600,-350,0,1,0,1,0,29.6966
400,-450,600,-250,0,1,0,1,0,29.7243
400,-450,600,-150,0,1,0,1,0,29.6598
400,-450,600,-50,0,1,0,1,0,30.037
400,-450,600,50,0,1,0,1,0,29.0921
400,-450,600,150,0,1,0,1,0,29.6951
400,-450,600,250,0,0,0,1,0,29.6951
400,-450,600,350,0,0,0,1,0,29.6951
400,-450,600,450,0,0,0,1,0,29.6951
400,-350,200,-450,1,1,1,1,1,29.8011
400,-350,200,-350,1,1,1,1,1,30.0324
400,-350,200,-250,1,1,1,1,1,29.7141
400,-350,200,-150,1,1,1,1,1,29.9995
400,-350,200,-50,1,1,1,1,1,10.38
400,-350,200,50,1,1,1,0,0,7.27174
400,-350,200,150,1,1,1,0,0,5.41251
400,-350,200,250,1,1,1,1,1,20.0369
400,-350,200,350,1,1,1,1,1,16.2846
400,-350,200,450,1,1,1,0,0,17.7651
400,-350,300,-450,1,1,1,1,1,29.8518
400,-350,300,-350,1,1,1,0,0,12.2564
400,-350,300,-250,1,1,1,0,0,21.5366
400,-350,300,-150,1,1,1,0,0,9.26738
400,-350,300,-50,1,1,1,0,0,12.3233
400,-350,300,50,1,1,1,0,0,1.02698
400,-350,300,150,1,1,1,0,0,4.85543
400,-350,300,250,1,1,1,0,0,3.24025
400,-350,300,350,1,1,1,0,0,1.82073
400,-350,300,450,1,0,0,0,0,1.82073
400,-350,400,-450,1,1,1,0,0,9.38791
400,-350,400,-350,1,1,1,0,0,0
400,-350,400,-250,1,1,1,0,0,5.10952
400,-350,400,-150,1,1,1,0,0,3.88503
400,-350,400,-50,1,1,1,0,0,1.21033
400,-350,400,50,1,1,1,0,0,6.98929
400,-350,400,150,1,1,1,0,0,1.08367
400,-350,400,250,1,1,1,0,0,2.49553
400,-350,400,350,1,1,1,0,0,16.9293
400,-350,400,450,1,0,0,0,0,16.9293
400,-350,500,-450,1,1,1,0,0,3.58073
400,-350,500,-350,1,1,1,0,0,2.77708
400,-350,500,-250,1,1,1,0,0,15.4537
400,-350,500,-150,1,1,1,0,0,20.0607
400,-350,500,-50,1,1,1,0,0,7.24023
400,-350,500,50,1,1,1,0,0,24.8519
400,-350,500,150,1,1,1,0,0,12.0165
400,-350,500,250,1,1,1,0,0,6.16E-01
400,-350,500,350,1,0,0,0,0,0.615931
400,-350,500,450,1,0,0,0,0,0.615931
400,-350,600,-450,1,0,0,0,0,0.615931
400,-350,600,-350,1,1,1,0,0,6.55197
400,-350,600,-250,1,1,1,0,0,27.8652
400,-350,600,-150,1,1,1,0,0,2.67172
400,-350,600,-50,1,1,1,0,0,20.4502
400,-350,600,50,1,1,1,0,0,3.13829
400,-350,600,150,1,1,1,0,0,18.2838
400,-350,600,250,1,0,0,0,0,18.2838
400,-350,600,350,1,0,0,0,0,18.2838
400,-350,600,450,1,0,0,0,0,18.2838
400,-250,200,-450,1,1,1,1,1,29.8753
400,-250,200,-350,1,1,1,1,1,30.0821
400,-250,200,-250,1,1,1,1,1,29.8937
400,-250,200,-150,1,1,1,1,1,30.2452
400,-250,200,-50,1,1,1,1,1,29.9103
400,-250,200,50,1,1,1,1,1,10.286
400,-250,200,150,1,1,1,0,0,17.1041
400,-250,200,250,1,1,1,1,1,18.9799
400,-250,200,350,1,1,1,0,0,15.3084
400,-250,200,450,1,1,1,0,0,7.1302
400,-250,300,-450,1,1,1,1,1,29.8741
400,-250,300,-350,1,1,1,1,1,29.9322
400,-250,300,-250,1,1,1,0,0,16.8734
400,-250,300,-150,1,1,1,0,0,29.8759
400,-250,300,-50,1,1,1,0,0,1.74236
400,-250,300,50,1,1,1,0,0,2.25543
400,-250,300,150,1,1,1,0,0,15.644
400,-250,300,250,1,1,1,0,0,7.49235
400,-250,300,350,1,1,1,0,0,7.6651
400,-250,300,450,1,0,0,0,0,7.6651
400,-250,400,-450,1,1,1,1,1,29.902
400,-250,400,-350,1,1,1,0,0,6.72417
400,-250,400,-250,1,1,1,0,0,9.10E-05
400,-250,400,-150,1,1,1,0,0,2.3511
400,-250,400,-50,1,1,1,0,0,3.20473
400,-250,400,50,1,1,1,0,0,21.6264
400,-250,400,150,1,1,1,0,0,24.5743
400,-250,400,250,1,1,1,0,0,2.59693
400,-250,400,350,1,1,1,0,0,18.8274
400,-250,400,450,1,0,0,0,0,18.8274
400,-250,500,-450,1,1,1,1,1,29.9356
400,-250,500,-350,1,1,1,1,1,23.3824
400,-250,500,-250,1,1,1,0,0,7.2039
400,-250,500,-150,1,1,1,0,0,3.89872
400,-250,500,-50,1,1,1,0,0,8.48224
400,-250,500,50,1,1,1,0,0,14.6805
400,-250,500,150,1,1,1,0,0,11.4057
400,-250,500,250,1,1,1,0,0,21.1594
400,-250,500,350,1,0,0,0,0,2.12E+01
400,-250,500,450,1,0,0,0,0,21.1594
400,-250,600,-450,1,0,0,0,0,21.1594
400,-250,600,-350,1,1,1,1,1,24.1005
400,-250,600,-250,1,1,1,0,0,4.24301
400,-250,600,-150,1,1,1,0,0,10.836
400,-250,600,-50,1,1,1,0,0,14.6774
400,-250,600,50,1,1,1,0,0,15.1313
400,-250,600,150,1,1,1,0,0,10.192
400,-250,600,250,1,0,0,0,0,10.192
400,-250,600,350,1,0,0,0,0,10.192
400,-250,600,450,1,0,0,0,0,10.192
400,-150,200,-450,1,1,1,1,1,28.9866
400,-150,200,-350,1,1,1,1,1,29.1625
400,-150,200,-250,1,1,1,1,1,29.0567
400,-150,200,-150,1,1,1,1,1,29.3409
400,-150,200,-50,1,1,1,1,1,28.9992
400,-150,200,50,1,1,1,0,0,5.59682
400,-150,200,150,1,1,1,0,0,2.84874
400,-150,200,250,1,1,1,1,1,21.3086
400,-150,200,350,1,1,1,1,1,21.1714
400,-150,200,450,1,1,1,0,0,6.21755
400,-150,300,-450,1,1,1,1,1,28.9757
400,-150,300,-350,1,1,1,1,1,29.0171
400,-150,300,-250,1,1,1,1,1,29.3067
400,-150,300,-150,1,1,1,0,0,2.04404
400,-150,300,-50,1,1,1,0,0,23.9945
400,-150,300,50,1,1,1,0,0,20.2864
400,-150,300,150,1,1,1,0,0,6.54046
400,-150,300,250,1,1,1,0,0,4.42626
400,-150,300,350,1,1,1,0,0,3.66213
400,-150,300,450,1,0,0,0,0,3.66213
400,-150,400,-450,1,1,1,1,1,29.0474
400,-150,400,-350,1,1,1,1,1,29.0233
400,-150,400,-250,1,1,1,1,1,27.3642
400,-150,400,-150,1,1,1,0,0,6.10E-05
400,-150,400,-50,1,1,1,0,0,1.51425
400,-150,400,50,1,1,1,0,0,8.29718
400,-150,400,150,1,1,1,0,0,21.1359
400,-150,400,250,1,1,1,0,0,29.0258
400,-150,400,350,1,1,1,0,0,11.1651
400,-150,400,450,1,0,0,0,0,11.1651
400,-150,500,-450,1,1,1,1,1,29.0703
400,-150,500,-350,1,1,1,1,1,28.9849
400,-150,500,-250,1,1,1,1,1,29.0383
400,-150,500,-150,1,1,1,0,0,2.85478
400,-150,500,-50,1,1,1,0,0,1.81763
400,-150,500,50,1,1,1,0,0,8.59036
400,-150,500,150,1,1,1,0,0,2.17818
400,-150,500,250,1,1,1,0,0,10.4888
400,-150,500,350,1,0,0,0,0,10.4888
400,-150,500,450,1,0,0,0,0,1.05E+01
400,-150,600,-450,1,0,0,0,0,10.4888
400,-150,600,-350,1,1,1,1,1,29.0501
400,-150,600,-250,1,1,1,1,1,29.0245
400,-150,600,-150,1,1,1,1,1,28.7505
400,-150,600,-50,1,1,1,0,0,1.63246
400,-150,600,50,1,1,1,0,0,15.4898
400,-150,600,150,1,1,1,0,0,14.015
400,-150,600,250,1,0,0,0,0,14.015
400,-150,600,350,1,0,0,0,0,14.015
400,-150,600,450,1,0,0,0,0,14.015
400,-50,200,-450,1,1,1,1,1,29.7603
400,-50,200,-350,1,1,1,1,1,30.0349
400,-50,200,-250,1,1,1,1,1,29.739
400,-50,200,-150,1,1,1,1,1,30.0441
400,-50,200,-50,1,1,1,1,1,29.8293
400,-50,200,50,1,1,1,0,0,1.81425
400,-50,200,150,1,1,1,0,0,5.75023
400,-50,200,250,1,1,1,0,0,3.46207
400,-50,200,350,1,1,1,1,1,11.8356
400,-50,200,450,1,1,1,0,0,4.27137
400,-50,300,-450,1,1,1,1,1,29.7818
400,-50,300,-350,1,1,1,1,1,29.8989
400,-50,300,-250,1,1,1,1,1,29.7775
400,-50,300,-150,1,1,1,1,1,29.7584
400,-50,300,-50,1,1,1,0,0,13.838
400,-50,300,50,1,1,1,0,0,1.95152
400,-50,300,150,1,1,1,0,0,0.314139
400,-50,300,250,1,1,1,0,0,1.83214
400,-50,300,350,1,1,1,0,0,1.16903
400,-50,300,450,1,0,0,0,0,1.16903
400,-50,400,-450,1,1,1,1,1,29.7368
400,-50,400,-350,1,1,1,1,1,29.7434
400,-50,400,-250,1,1,1,1,1,29.7722
400,-50,400,-150,1,1,1,1,1,20.5623
400,-50,400,-50,1,1,1,0,0,0
400,-50,400,50,1,1,1,0,0,5.74104
400,-50,400,150,1,1,1,0,0,7.46681
400,-50,400,250,1,1,1,0,0,12.6428
400,-50,400,350,1,1,1,0,0,10.147
400,-50,400,450,1,0,0,0,0,10.147
400,-50,500,-450,1,1,1,1,1,29.7383
400,-50,500,-350,1,1,1,1,1,29.7619
400,-50,500,-250,1,1,1,1,1,29.7998
400,-50,500,-150,1,1,1,1,1,29.7358
400,-50,500,-50,1,1,1,0,0,2.19609
400,-50,500,50,1,1,1,0,0,9.51218
400,-50,500,150,1,1,1,0,0,6.62362
400,-50,500,250,1,1,1,0,0,6.66859
400,-50,500,350,1,0,0,0,0,6.66859
400,-50,500,450,1,0,0,0,0,6.66859
400,-50,600,-450,1,0,0,0,0,6.67E+00
400,-50,600,-350,1,1,1,1,1,29.7857
400,-50,600,-250,1,1,1,1,1,29.8142
400,-50,600,-150,1,1,1,1,1,29.7392
400,-50,600,-50,1,1,1,1,1,30.115
400,-50,600,50,1,1,1,1,1,14.4425
400,-50,600,150,1,1,1,0,0,16.5707
400,-50,600,250,1,0,0,0,0,16.5707
400,-50,600,350,1,0,0,0,0,16.5707
400,-50,600,450,1,0,0,0,0,16.5707
400,50,200,-450,1,1,1,1,1,29.7707
400,50,200,-350,1,1,1,1,1,30.0392
400,50,200,-250,1,1,1,1,1,29.7818
400,50,200,-150,1,1,1,1,1,30.1547
400,50,200,-50,1,1,1,1,1,29.8379
400,50,200,50,1,1,1,1,1,23.3373
400,50,200,150,1,1,1,0,0,4.02513
400,50,200,250,1,1,1,0,0,5.0796
400,50,200,350,1,1,1,0,0,4.50608
400,50,200,450,1,1,1,0,0,20.0065
400,50,300,-450,1,1,1,1,1,29.7888
400,50,300,-350,1,1,1,1,1,29.8993
400,50,300,-250,1,1,1,1,1,29.9765
400,50,300,-150,1,1,1,1,1,29.7695
400,50,300,-50,1,1,1,1,1,29.8592
400,50,300,50,1,1,1,0,0,7.36569
400,50,300,150,1,1,1,0,0,1.23041
400,50,300,250,1,1,1,0,0,3.10244
400,50,300,350,1,1,1,0,0,1.79186
400,50,300,450,1,0,0,0,0,1.79186
400,50,400,-450,1,1,1,1,1,29.7951
400,50,400,-350,1,1,1,1,1,29.7719
400,50,400,-250,1,1,1,1,1,29.7803
400,50,400,-150,1,1,1,1,1,29.8319
400,50,400,-50,1,1,1,1,1,18.8437
400,50,400,50,1,1,1,0,0,9.10E-05
400,50,400,150,1,1,1,0,0,7.14293
400,50,400,250,1,1,1,0,0,3.68553
400,50,400,350,1,1,1,0,0,1.2104
400,50,400,450,1,0,0,0,0,1.2104
400,50,500,-450,1,1,1,1,1,29.8372
400,50,500,-350,1,1,1,1,1,29.7718
400,50,500,-250,1,1,1,1,1,29.8588
400,50,500,-150,1,1,1,1,1,29.8122
400,50,500,-50,1,1,1,1,1,29.7777
400,50,500,50,1,1,1,0,0,3.71746
400,50,500,150,1,1,1,0,0,4.94089
400,50,500,250,1,1,1,0,0,4.72749
400,50,500,350,1,0,0,0,0,4.72749
400,50,500,450,1,0,0,0,0,4.72749
400,50,600,-450,1,0,0,0,0,4.72749
400,50,600,-350,1,1,1,1,1,2.99E+01
400,50,600,-250,1,1,1,1,1,29.8522
400,50,600,-150,1,1,1,1,1,29.7809
400,50,600,-50,1,1,1,1,1,30.1231
400,50,600,50,1,1,1,1,1,28.9976
400,50,600,150,1,1,1,1,1,23.8277
400,50,600,250,1,0,0,1,0,23.8277
400,50,600,350,1,0,0,1,0,23.8277
400,50,600,450,1,0,0,1,0,23.8277
400,150,200,-450,1,1,1,1,1,30.0776
400,150,200,-350,1,1,1,1,1,30.185
400,150,200,-250,1,1,1,1,1,29.9827
400,150,200,-150,1,1,1,1,1,30.0211
400,150,200,-50,1,1,1,1,1,29.8217
400,150,200,50,1,1,1,1,1,23.8857
400,150,200,150,1,1,1,0,0,47.2789
400,150,200,250,1,1,1,1,1,16.7982
400,150,200,350,1,1,1,0,0,6.29452
400,150,200,450,1,1,1,0,0,4.41294
400,150,300,-450,1,1,1,1,1,30.1323
400,150,300,-350,1,1,1,1,1,30.2033
400,150,300,-250,1,1,1,1,1,29.8277
400,150,300,-150,1,1,1,1,1,29.8835
400,150,300,-50,1,1,1,1,1,29.8152
400,150,300,50,1,1,1,1,1,29.8494
400,150,300,150,1,1,1,0,0,2.93768
400,150,300,250,1,1,1,0,0,2.94864
400,150,300,350,1,1,1,0,0,8.22523
400,150,300,450,1,0,0,0,0,8.22523
400,150,400,-450,1,1,1,1,1,29.9609
400,150,400,-350,1,1,1,1,1,30.0093
400,150,400,-250,1,1,1,1,1,29.868
400,150,400,-150,1,1,1,1,1,29.9033
400,150,400,-50,1,1,1,1,1,29.8848
400,150,400,50,1,1,1,1,1,20.1963
400,150,400,150,1,1,1,0,0,0
400,150,400,250,1,1,1,0,0,6.01006
400,150,400,350,1,1,1,0,0,13.9609
400,150,400,450,1,0,0,0,0,13.9609
400,150,500,-450,1,1,1,1,1,29.9002
400,150,500,-350,1,1,1,1,1,29.8891
400,150,500,-250,1,1,1,1,1,29.8152
400,150,500,-150,1,1,1,1,1,29.9093
400,150,500,-50,1,1,1,1,1,29.8498
400,150,500,50,1,1,1,1,1,30.0284
400,150,500,150,1,1,1,0,0,1.41752
400,150,500,250,1,1,1,0,0,5.56171
400,150,500,350,1,0,0,0,0,5.56171
400,150,500,450,1,0,0,0,0,5.56171
400,150,600,-450,1,0,0,0,0,5.56171
400,150,600,-350,1,1,1,1,1,29.8221
400,150,600,-250,1,1,1,1,1,2.98E+01
400,150,600,-150,1,1,1,1,1,29.8484
400,150,600,-50,1,1,1,1,1,30.1165
400,150,600,50,1,1,1,1,1,29.388
400,150,600,150,1,1,1,1,1,29.9098
400,150,600,250,1,0,0,1,0,29.9098
400,150,600,350,1,0,0,1,0,29.9098
400,150,600,450,1,0,0,1,0,29.9098
400,250,200,-450,1,1,1,1,1,29.7454
400,250,200,-350,1,1,1,1,1,30.0331
400,250,200,-250,1,1,1,1,1,29.6946
400,250,200,-150,1,1,1,1,1,29.9949
400,250,200,-50,1,1,1,1,1,29.7399
400,250,200,50,1,1,1,1,1,30.0074
400,250,200,150,1,1,1,1,1,12.3901
400,250,200,250,1,1,1,1,1,29.6723
400,250,200,350,1,1,1,0,0,6.40336
400,250,200,450,1,1,1,0,0,2.08653
400,250,300,-450,1,1,1,1,1,29.7781
400,250,300,-350,1,1,1,1,1,29.8986
400,250,300,-250,1,1,1,1,1,29.6856
400,250,300,-150,1,1,1,1,1,29.7416
400,250,300,-50,1,1,1,1,1,29.7124
400,250,300,50,1,1,1,1,1,29.866
400,250,300,150,1,1,1,1,1,29.2112
400,250,300,250,1,1,1,0,0,7.5434
400,250,300,350,1,1,1,0,0,2.145
400,250,300,450,1,0,0,0,0,2.145
400,250,400,-450,1,1,1,1,1,29.6845
400,250,400,-350,1,1,1,1,1,29.7079
400,250,400,-250,1,1,1,1,1,29.7466
400,250,400,-150,1,1,1,1,1,29.6649
400,250,400,-50,1,1,1,1,1,29.6573
400,250,400,50,1,1,1,1,1,29.8781
400,250,400,150,1,1,1,1,1,22.5335
400,250,400,250,1,1,1,0,0,0.000122
400,250,400,350,1,1,1,0,0,5.11402
400,250,400,450,1,0,0,0,0,5.11402
400,250,500,-450,1,1,1,1,1,29.6622
400,250,500,-350,1,1,1,1,1,29.7484
400,250,500,-250,1,1,1,1,1,29.7125
400,250,500,-150,1,1,1,1,1,29.6745
400,250,500,-50,1,1,1,1,1,29.6788
400,250,500,50,1,1,1,1,1,29.7179
400,250,500,150,1,1,1,1,1,28.7651
400,250,500,250,1,1,1,0,0,4.59415
400,250,500,350,1,0,0,0,0,4.59415
400,250,500,450,1,0,0,0,0,4.59415
400,250,600,-450,1,0,0,0,0,4.59415
400,250,600,-350,1,1,1,1,1,29.6969
400,250,600,-250,1,1,1,1,1,29.7244
400,250,600,-150,1,1,1,1,1,29.6597
400,250,600,-50,1,1,1,1,1,30.0368
400,250,600,50,1,1,1,1,1,29.0012
400,250,600,150,1,1,1,1,1,29.6761
400,250,600,250,1,0,0,1,0,29.6761
400,250,600,350,1,0,0,1,0,29.6761
400,250,600,450,1,0,0,1,0,29.6761
400,350,200,-450,1,1,1,1,1,29.8222
400,350,200,-350,1,1,1,1,1,30.0972
400,350,200,-250,1,1,1,1,1,29.7648
400,350,200,-150,1,1,1,1,1,29.9928
400,350,200,-50,1,1,1,1,1,29.76
400,350,200,50,1,1,1,1,1,30.0112
400,350,200,150,1,1,1,1,1,12.1869
400,350,200,250,1,1,1,1,1,29.7382
400,350,200,350,1,1,1,1,1,15.9747
400,350,200,450,1,1,1,0,0,2.87872
400,350,300,-450,1,1,1,1,1,29.8583
400,350,300,-350,1,1,1,1,1,29.9675
400,350,300,-250,1,1,1,1,1,29.7086
400,350,300,-150,1,1,1,1,1,29.7977
400,350,300,-50,1,1,1,1,1,29.7207
400,350,300,50,1,1,1,1,1,29.8244
400,350,300,150,1,1,1,1,1,29.1885
400,350,300,250,1,1,1,1,1,27.8187
400,350,300,350,1,1,1,0,0,14.9245
400,350,300,450,1,0,0,0,0,14.9245
400,350,400,-450,1,1,1,1,1,29.753
400,350,400,-350,1,1,1,1,1,29.7801
400,350,400,-250,1,1,1,1,1,29.7915
400,350,400,-150,1,1,1,1,1,29.7288
400,350,400,-50,1,1,1,1,1,29.7183
400,350,400,50,1,1,1,1,1,29.839
400,350,400,150,1,1,1,1,1,29.0404
400,350,400,250,1,1,1,1,1,14.2299
400,350,400,350,1,1,1,0,0,0
400,350,400,450,1,0,0,0,0,0
400,350,500,-450,1,1,1,1,1,29.7253
400,350,500,-350,1,1,1,1,1,29.8035
400,350,500,-250,1,1,1,1,1,29.7208
400,350,500,-150,1,1,1,1,1,29.7409
400,350,500,-50,1,1,1,1,1,29.746
400,350,500,50,1,1,1,1,1,29.7915
400,350,500,150,1,1,1,1,1,28.777
400,350,500,250,1,1,1,1,1,29.776
400,350,500,350,1,0,0,1,0,29.776
400,350,500,450,1,0,0,1,0,29.776
400,350,600,-450,1,0,0,1,0,29.776
400,350,600,-350,1,1,1,1,1,29.7117
400,350,600,-250,1,1,1,1,1,29.7341
400,350,600,-150,1,1,1,1,1,29.7092
400,350,600,-50,1,1,1,1,1,30.0611
400,350,600,50,1,1,1,1,1,29.0565
400,350,600,150,1,1,1,1,1,29.7429
400,350,600,250,1,0,0,1,0,29.7429
400,350,600,350,1,0,0,1,0,29.7429
400,350,600,450,1,0,0,1,0,29.7429
400,450,200,-450,1,1,1,1,1,29.8133
400,450,200,-350,1,1,1,1,1,30.0885
400,450,200,-250,1,1,1,1,1,29.7672
400,450,200,-150,1,1,1,1,1,30.0019
400,450,200,-50,1,1,1,1,1,29.7795
400,450,200,50,1,1,1,1,1,30.0231
400,450,200,150,1,1,1,1,1,12.2086
400,450,200,250,1,1,1,1,1,29.7479
400,450,200,350,1,1,1,1,1,29.7902
400,450,200,450,1,1,1,0,0,5.64818
400,450,300,-450,1,1,1,1,1,29.8438
400,450,300,-350,1,1,1,1,1,29.9392
400,450,300,-250,1,1,1,1,1,29.7403
400,450,300,-150,1,1,1,1,1,29.8099
400,450,300,-50,1,1,1,1,1,29.7504
400,450,300,50,1,1,1,1,1,29.8236
400,450,300,150,1,1,1,1,1,29.1718
400,450,300,250,1,1,1,1,1,29.8043
400,450,300,350,1,1,1,1,1,26.5263
400,450,300,450,1,0,0,1,0,26.5263
400,450,400,-450,1,1,1,1,1,29.7583
400,450,400,-350,1,1,1,1,1,29.7791
400,450,400,-250,1,1,1,1,1,29.8224
400,450,400,-150,1,1,1,1,1,29.7418
400,450,400,-50,1,1,1,1,1,29.7362
400,450,400,50,1,1,1,1,1,29.8356
400,450,400,150,1,1,1,1,1,29.0108
400,450,400,250,1,1,1,1,1,29.7578
400,450,400,350,1,1,1,0,0,11.8862
400,450,400,450,1,0,0,0,0,11.8862
400,450,500,-450,1,1,1,1,1,29.7397
400,450,500,-350,1,1,1,1,1,29.8162
400,450,500,-250,1,1,1,1,1,29.7505
400,450,500,-150,1,1,1,1,1,29.7497
400,450,500,-50,1,1,1,1,1,29.7533
400,450,500,50,1,1,1,1,1,29.7882
400,450,500,150,1,1,1,1,1,28.8093
400,450,500,250,1,1,1,1,1,29.776
400,450,500,350,1,0,0,1,0,29.776
400,450,500,450,1,0,0,1,0,29.776
400,450,600,-450,1,0,0,1,0,29.776
400,450,600,-350,1,1,1,1,1,29.7438
400,450,600,-250,1,1,1,1,1,29.7581
400,450,600,-150,1,1,1,1,1,29.7345
400,450,600,-50,1,1,1,1,1,30.0825
400,450,600,50,1,1,1,1,1,29.0252
400,450,600,150,1,1,1,1,1,29.751
400,450,600,250,1,0,0,1,0,29.751
400,450,600,350,1,0,0,1,0,29.751
400,450,600,450,1,0,0,1,0,29.751
500,-450,200,-450,0,1,0,1,0,29.8133
500,-450,200,-350,0,1,0,1,0,30.0885
500,-450,200,-250,0,1,0,1,0,29.7672
500,-450,200,-150,0,1,0,1,0,30.0019
500,-450,200,-50,0,1,0,1,0,29.7795
500,-450,200,50,0,1,0,1,0,30.0231
500,-450,200,150,0,1,0,1,0,12.2086
500,-450,200,250,0,1,0,1,0,29.7479
500,-450,200,350,0,1,0,1,0,29.7902
500,-450,200,450,0,1,0,0,0,5.64808
500,-450,300,-450,0,1,0,1,0,29.8438
500,-450,300,-350,0,1,0,1,0,29.9392
500,-450,300,-250,0,1,0,1,0,29.7403
500,-450,300,-150,0,1,0,1,0,29.8099
500,-450,300,-50,0,1,0,1,0,29.7504
500,-450,300,50,0,1,0,1,0,29.8236
500,-450,300,150,0,1,0,1,0,29.1718
500,-450,300,250,0,1,0,1,0,29.8043
500,-450,300,350,0,1,0,1,0,26.5263
500,-450,300,450,0,0,0,1,0,26.5263
500,-450,400,-450,0,1,0,1,0,29.7583
500,-450,400,-350,0,1,0,1,0,29.7791
500,-450,400,-250,0,1,0,1,0,29.8224
500,-450,400,-150,0,1,0,1,0,29.7418
500,-450,400,-50,0,1,0,1,0,29.7362
500,-450,400,50,0,1,0,1,0,29.8356
500,-450,400,150,0,1,0,1,0,29.0108
500,-450,400,250,0,1,0,1,0,29.7578
500,-450,400,350,0,1,0,0,0,11.8862
500,-450,400,450,0,0,0,0,0,11.8862
500,-450,500,-450,0,1,0,1,0,29.7397
500,-450,500,-350,0,1,0,1,0,29.8162
500,-450,500,-250,0,1,0,1,0,29.7505
500,-450,500,-150,0,1,0,1,0,29.7497
500,-450,500,-50,0,1,0,1,0,29.7533
500,-450,500,50,0,1,0,1,0,29.7882
500,-450,500,150,0,1,0,1,0,28.8093
500,-450,500,250,0,1,0,1,0,29.776
500,-450,500,350,0,0,0,1,0,29.776
500,-450,500,450,0,0,0,1,0,29.776
500,-450,600,-450,0,0,0,1,0,29.776
500,-450,600,-350,0,1,0,1,0,29.7438
500,-450,600,-250,0,1,0,1,0,29.7581
500,-450,600,-150,0,1,0,1,0,29.7345
500,-450,600,-50,0,1,0,1,0,30.0825
500,-450,600,50,0,1,0,1,0,29.0252
500,-450,600,150,0,1,0,1,0,29.751
500,-450,600,250,0,0,0,1,0,29.751
500,-450,600,350,0,0,0,1,0,29.751
500,-450,600,450,0,0,0,1,0,29.751
500,-350,200,-450,0,1,0,1,0,29.8133
500,-350,200,-350,0,1,0,1,0,30.0885
500,-350,200,-250,0,1,0,1,0,29.7672
500,-350,200,-150,0,1,0,1,0,30.0019
500,-350,200,-50,0,1,0,1,0,29.7795
500,-350,200,50,0,1,0,1,0,30.0231
500,-350,200,150,0,1,0,1,0,12.2086
500,-350,200,250,0,1,0,1,0,29.7479
500,-350,200,350,0,1,0,1,0,29.7902
500,-350,200,450,0,1,0,0,0,5.64818
500,-350,300,-450,0,1,0,1,0,29.8438
500,-350,300,-350,0,1,0,1,0,29.9392
500,-350,300,-250,0,1,0,1,0,29.7403
500,-350,300,-150,0,1,0,1,0,29.8099
500,-350,300,-50,0,1,0,1,0,29.7504
500,-350,300,50,0,1,0,1,0,29.8236
500,-350,300,150,0,1,0,1,0,29.1718
500,-350,300,250,0,1,0,1,0,29.8043
500,-350,300,350,0,1,0,1,0,26.5263
500,-350,300,450,0,0,0,1,0,26.5263
500,-350,400,-450,0,1,0,1,0,29.7583
500,-350,400,-350,0,1,0,1,0,29.7791
500,-350,400,-250,0,1,0,1,0,29.8224
500,-350,400,-150,0,1,0,1,0,29.7418
500,-350,400,-50,0,1,0,1,0,29.7362
500,-350,400,50,0,1,0,1,0,29.8356
500,-350,400,150,0,1,0,1,0,29.0108
500,-350,400,250,0,1,0,1,0,29.7578
500,-350,400,350,0,1,0,0,0,11.8862
500,-350,400,450,0,0,0,0,0,11.8862
500,-350,500,-450,0,1,0,1,0,29.7397
500,-350,500,-350,0,1,0,1,0,29.8162
500,-350,500,-250,0,1,0,1,0,29.7505
500,-350,500,-150,0,1,0,1,0,29.7497
500,-350,500,-50,0,1,0,1,0,29.7533
500,-350,500,50,0,1,0,1,0,29.7882
500,-350,500,150,0,1,0,1,0,28.8093
500,-350,500,250,0,1,0,1,0,29.776
500,-350,500,350,0,0,0,1,0,29.776
500,-350,500,450,0,0,0,1,0,29.776
500,-350,600,-450,0,0,0,1,0,29.776
500,-350,600,-350,0,1,0,1,0,29.7438
500,-350,600,-250,0,1,0,1,0,29.7581
500,-350,600,-150,0,1,0,1,0,29.7345
500,-350,600,-50,0,1,0,1,0,30.0825
500,-350,600,50,0,1,0,1,0,29.0252
500,-350,600,150,0,1,0,1,0,29.751
500,-350,600,250,0,0,0,1,0,29.751
500,-350,600,350,0,0,0,1,0,29.751
500,-350,600,450,0,0,0,1,0,29.751
500,-250,200,-450,1,1,1,1,1,30.1125
500,-250,200,-350,1,1,1,1,1,30.4007
500,-250,200,-250,1,1,1,1,1,30.0596
500,-250,200,-150,1,1,1,1,1,30.1621
500,-250,200,-50,1,1,1,1,1,30.0403
500,-250,200,50,1,1,1,1,1,22.0827
500,-250,200,150,1,1,1,0,0,10.1261
500,-250,200,250,1,1,1,1,1,24.7922
500,-250,200,350,1,1,1,1,1,15.0712
500,-250,200,450,1,1,1,0,0,17.9597
500,-250,300,-450,1,1,1,1,1,30.1463
500,-250,300,-350,1,1,1,1,1,30.25
500,-250,300,-250,1,1,1,1,1,30.0148
500,-250,300,-150,1,1,1,1,1,30.1004
500,-250,300,-50,1,1,1,1,1,20.3635
500,-250,300,50,1,1,1,0,0,3.28017
500,-250,300,150,1,1,1,0,0,29.4636
500,-250,300,250,1,1,1,0,0,6.57263
500,-250,300,350,1,1,1,0,0,9.68891
500,-250,300,450,1,0,0,0,0,9.68891
500,-250,400,-450,1,1,1,1,1,30.0489
500,-250,400,-350,1,1,1,1,1,30.0736
500,-250,400,-250,1,1,1,0,0,6.39069
500,-250,400,-150,1,1,1,0,0,27.321
500,-250,400,-50,1,1,1,0,0,2.28826
500,-250,400,50,1,1,1,0,0,10.3183
500,-250,400,150,1,1,1,0,0,3.64367
500,-250,400,250,1,1,1,0,0,9.59655
500,-250,400,350,1,1,1,0,0,25.8132
500,-250,400,450,1,0,0,0,0,25.8132
500,-250,500,-450,1,1,1,1,1,30.0248
500,-250,500,-350,1,1,1,0,0,3.32568
500,-250,500,-250,1,1,1,0,0,0.000122
500,-250,500,-150,1,1,1,0,0,4.65153
500,-250,500,-50,1,1,1,0,0,2.0957
500,-250,500,50,1,1,1,0,0,2.22217
500,-250,500,150,1,1,1,0,0,7.0778
500,-250,500,250,1,1,1,0,0,14.9612
500,-250,500,350,1,0,0,0,0,14.9612
500,-250,500,450,1,0,0,0,0,14.9612
500,-250,600,-450,1,0,0,0,0,14.9612
500,-250,600,-350,1,1,1,0,0,8.13829
500,-250,600,-250,1,1,1,0,0,5.92228
500,-250,600,-150,1,1,1,0,0,5.78476
500,-250,600,-50,1,1,1,0,0,22.2616
500,-250,600,50,1,1,1,0,0,6.63341
500,-250,600,150,1,1,1,0,0,9.11784
500,-250,600,250,1,0,0,0,0,9.11784
500,-250,600,350,1,0,0,0,0,9.12E+00
500,-250,600,450,1,0,0,0,0,9.11784
500,-150,200,-450,1,1,1,1,1,29.0252
500,-150,200,-350,1,1,1,1,1,29.1507
500,-150,200,-250,1,1,1,1,1,28.9258
500,-150,200,-150,1,1,1,1,1,29.0577
500,-150,200,-50,1,1,1,1,1,28.819
500,-150,200,50,1,1,1,1,1,12.4657
500,-150,200,150,1,1,1,0,0,8.54587
500,-150,200,250,1,1,1,1,1,28.8257
500,-150,200,350,1,1,1,1,1,28.8553
500,-150,200,450,1,1,1,0,0,5.63403
500,-150,300,-450,1,1,1,1,1,29.064
500,-150,300,-350,1,1,1,1,1,29.129
500,-150,300,-250,1,1,1,1,1,28.7615
500,-150,300,-150,1,1,1,1,1,28.8499
500,-150,300,-50,1,1,1,1,1,28.7789
500,-150,300,50,1,1,1,1,1,22.8714
500,-150,300,150,1,1,1,0,0,7.06163
500,-150,300,250,1,1,1,0,0,2.22938
500,-150,300,350,1,1,1,0,0,4.26786
500,-150,300,450,1,0,0,0,0,4.26786
500,-150,400,-450,1,1,1,1,1,28.8947
500,-150,400,-350,1,1,1,1,1,28.9589
500,-150,400,-250,1,1,1,1,1,28.8455
500,-150,400,-150,1,1,1,0,0,7.31599
500,-150,400,-50,1,1,1,0,0,27.4555
500,-150,400,50,1,1,1,0,0,4.32577
500,-150,400,150,1,1,1,0,0,6.91575
500,-150,400,250,1,1,1,0,0,8.70403
500,-150,400,350,1,1,1,0,0,8.95546
500,-150,400,450,1,0,0,0,0,8.95546
500,-150,500,-450,1,1,1,1,1,28.8052
500,-150,500,-350,1,1,1,1,1,28.8559
500,-150,500,-250,1,1,1,1,1,22.4747
500,-150,500,-150,1,1,1,0,0,3.00E-05
500,-150,500,-50,1,1,1,0,0,13.375
500,-150,500,50,1,1,1,0,0,8.52971
500,-150,500,150,1,1,1,0,0,8.83914
500,-150,500,250,1,1,1,0,0,3.98255
500,-150,500,350,1,0,0,0,0,3.98255
500,-150,500,450,1,0,0,0,0,3.98255
500,-150,600,-450,1,0,0,0,0,3.98255
500,-150,600,-350,1,1,1,1,1,28.7666
500,-150,600,-250,1,1,1,1,1,20.8437
500,-150,600,-150,1,1,1,0,0,4.27278
500,-150,600,-50,1,1,1,0,0,6.18245
500,-150,600,50,1,1,1,0,0,2.29895
500,-150,600,150,1,1,1,0,0,9.35532
500,-150,600,250,1,0,0,0,0,9.35532
500,-150,600,350,1,0,0,0,0,9.35532
500,-150,600,450,1,0,0,0,0,9.35532
500,-50,200,-450,1,1,1,1,1,29.7267
500,-50,200,-350,1,1,1,1,1,30.0125
500,-50,200,-250,1,1,1,1,1,29.677
500,-50,200,-150,1,1,1,1,1,30.0612
500,-50,200,-50,1,1,1,1,1,29.7699
500,-50,200,50,1,1,1,0,0,30.0641
500,-50,200,150,1,1,1,1,1,12.0712
500,-50,200,250,1,1,1,0,0,6.36269
500,-50,200,350,1,1,1,1,1,27.5353
500,-50,200,450,1,1,1,0,0,0
500,-50,300,-450,1,1,1,1,1,29.7752
500,-50,300,-350,1,1,1,1,1,29.9105
500,-50,300,-250,1,1,1,1,1,29.7699
500,-50,300,-150,1,1,1,1,1,29.7184
500,-50,300,-50,1,1,1,1,1,29.771
500,-50,300,50,1,1,1,1,1,29.917
500,-50,300,150,1,1,1,0,0,4.14491
500,-50,300,250,1,1,1,0,0,6.34762
500,-50,300,350,1,1,1,0,0,16.1897
500,-50,300,450,1,0,0,0,0,16.1897
500,-50,400,-450,1,1,1,1,1,29.6746
500,-50,400,-350,1,1,1,1,1,29.6854
500,-50,400,-250,1,1,1,1,1,29.7362
500,-50,400,-150,1,1,1,1,1,29.6874
500,-50,400,-50,1,1,1,0,0,5.32372
500,-50,400,50,1,1,1,0,0,2.2545
500,-50,400,150,1,1,1,0,0,1.91823
500,-50,400,250,1,1,1,0,0,14.1957
500,-50,400,350,1,1,1,0,0,28.5799
500,-50,400,450,1,0,0,0,0,28.5799
500,-50,500,-450,1,1,1,1,1,29.6917
500,-50,500,-350,1,1,1,1,1,29.7251
500,-50,500,-250,1,1,1,1,1,29.7708
500,-50,500,-150,1,1,1,1,1,23.5327
500,-50,500,-50,1,1,1,0,0,9.20E-05
500,-50,500,50,1,1,1,0,0,5.46487
500,-50,500,150,1,1,1,0,0,1.01154
500,-50,500,250,1,1,1,0,0,2.9692
500,-50,500,350,1,0,0,0,0,2.9692
500,-50,500,450,1,0,0,0,0,2.9692
500,-50,600,-450,1,0,0,0,0,2.9692
500,-50,600,-350,1,1,1,1,1,29.7668
500,-50,600,-250,1,1,1,1,1,29.7719
500,-50,600,-150,1,1,1,1,1,29.6771
500,-50,600,-50,1,1,1,0,0,3.7872
500,-50,600,50,1,1,1,0,0,6.20941
500,-50,600,150,1,1,1,0,0,4.51651
500,-50,600,250,1,0,0,0,0,4.51651
500,-50,600,350,1,0,0,0,0,4.51651
500,-50,600,450,1,0,0,0,0,4.51651
500,50,200,-450,1,1,1,1,1,3.01E+01
500,50,200,-350,1,1,1,1,1,30.2405
500,50,200,-250,1,1,1,1,1,30.0308
500,50,200,-150,1,1,1,1,1,30.3281
500,50,200,-50,1,1,1,1,1,30.1164
500,50,200,50,1,1,1,1,1,19.6932
500,50,200,150,1,1,1,0,0,4.73364
500,50,200,250,1,1,1,0,0,15.6254
500,50,200,350,1,1,1,1,1,21.3711
500,50,200,450,1,1,1,0,0,2.24203
500,50,300,-450,1,1,1,1,1,30.0693
500,50,300,-350,1,1,1,1,1,30.1336
500,50,300,-250,1,1,1,1,1,30.0709
500,50,300,-150,1,1,1,1,1,30.0497
500,50,300,-50,1,1,1,1,1,30.0933
500,50,300,50,1,1,1,1,1,30.1749
500,50,300,150,1,1,1,1,1,29.3023
500,50,300,250,1,1,1,0,0,2.83251
500,50,300,350,1,1,1,0,0,21.6452
500,50,300,450,1,0,0,0,0,21.6452
500,50,400,-450,1,1,1,1,1,30.0288
500,50,400,-350,1,1,1,1,1,30.0351
500,50,400,-250,1,1,1,1,1,30.0622
500,50,400,-150,1,1,1,1,1,30.0296
500,50,400,-50,1,1,1,1,1,30.0348
500,50,400,50,1,1,1,0,0,2.92285
500,50,400,150,1,1,1,0,0,3.53275
500,50,400,250,1,1,1,0,0,4.53752
500,50,400,350,1,1,1,0,0,7.55277
500,50,400,450,1,0,0,0,0,7.55277
500,50,500,-450,1,1,1,1,1,30.0307
500,50,500,-350,1,1,1,1,1,30.0531
500,50,500,-250,1,1,1,1,1,30.0934
500,50,500,-150,1,1,1,1,1,30.0279
500,50,500,-50,1,1,1,1,1,20.8378
500,50,500,50,1,1,1,0,0,0.000122
500,50,500,150,1,1,1,0,0,0.809595
500,50,500,250,1,1,1,0,0,12.4774
500,50,500,350,1,0,0,0,0,12.4774
500,50,500,450,1,0,0,0,0,12.4774
500,50,600,-450,1,0,0,0,0,12.4774
500,50,600,-350,1,1,1,1,1,30.0792
500,50,600,-250,1,1,1,1,1,30.1079
500,50,600,-150,1,1,1,1,1,30.031
500,50,600,-50,1,1,1,1,1,30.3855
500,50,600,50,1,1,1,0,0,2.50081
500,50,600,150,1,1,1,0,0,6.26593
500,50,600,250,1,0,0,0,0,6.26593
500,50,600,350,1,0,0,0,0,6.26593
500,50,600,450,1,0,0,0,0,6.26593
500,150,200,-450,1,1,1,1,1,30.0578
500,150,200,-350,1,1,1,1,1,3.02E+01
500,150,200,-250,1,1,1,1,1,29.9555
500,150,200,-150,1,1,1,1,1,30.0092
500,150,200,-50,1,1,1,1,1,29.7946
500,150,200,50,1,1,1,1,1,21.3295
500,150,200,150,1,1,1,0,0,7.78253
500,150,200,250,1,1,1,0,0,18.6259
500,150,200,350,1,1,1,0,0,23.6379
500,150,200,450,1,1,1,0,0,3.86527
500,150,300,-450,1,1,1,1,1,30.1162
500,150,300,-350,1,1,1,1,1,30.1633
500,150,300,-250,1,1,1,1,1,29.7825
500,150,300,-150,1,1,1,1,1,29.8543
500,150,300,-50,1,1,1,1,1,29.7763
500,150,300,50,1,1,1,1,1,29.8314
500,150,300,150,1,1,1,1,1,29.5628
500,150,300,250,1,1,1,0,0,6.06051
500,150,300,350,1,1,1,0,0,8.04402
500,150,300,450,1,0,0,0,0,8.04402
500,150,400,-450,1,1,1,1,1,29.9317
500,150,400,-350,1,1,1,1,1,29.9843
500,150,400,-250,1,1,1,1,1,29.8416
500,150,400,-150,1,1,1,1,1,29.8593
500,150,400,-50,1,1,1,1,1,29.8443
500,150,400,50,1,1,1,1,1,29.8418
500,150,400,150,1,1,1,0,0,5.77073
500,150,400,250,1,1,1,0,0,4.38051
500,150,400,350,1,1,1,0,0,13.4817
500,150,400,450,1,0,0,0,0,13.4817
500,150,500,-450,1,1,1,1,1,29.8554
500,150,500,-350,1,1,1,1,1,29.8599
500,150,500,-250,1,1,1,1,1,29.7763
500,150,500,-150,1,1,1,1,1,29.8681
500,150,500,-50,1,1,1,1,1,29.8171
500,150,500,50,1,1,1,1,1,21.5455
500,150,500,150,1,1,1,0,0,9.10E-05
500,150,500,250,1,1,1,0,0,2.84455
500,150,500,350,1,0,0,0,0,2.84455
500,150,500,450,1,0,0,0,0,2.84455
500,150,600,-450,1,0,0,0,0,2.84455
500,150,600,-350,1,1,1,1,1,29.7785
500,150,600,-250,1,1,1,1,1,29.7793
500,150,600,-150,1,1,1,1,1,29.804
500,150,600,-50,1,1,1,1,1,30.0964
500,150,600,50,1,1,1,1,1,29.3831
500,150,600,150,1,1,1,0,0,2.45315
500,150,600,250,1,0,0,0,0,2.45315
500,150,600,350,1,0,0,0,0,2.45315
500,150,600,450,1,0,0,0,0,2.45315
500,250,200,-450,1,1,1,1,1,30.1116
500,250,200,-350,1,1,1,1,1,30.3964
500,250,200,-250,1,1,1,1,1,3.01E+01
500,250,200,-150,1,1,1,1,1,30.1688
500,250,200,-50,1,1,1,1,1,30.0447
500,250,200,50,1,1,1,1,1,22.8111
500,250,200,150,1,1,1,0,0,16.1859
500,250,200,250,1,1,1,1,1,13.7198
500,250,200,350,1,1,1,0,0,16.2135
500,250,200,450,1,1,1,0,0,15.4927
500,250,300,-450,1,1,1,1,1,30.1448
500,250,300,-350,1,1,1,1,1,30.2472
500,250,300,-250,1,1,1,1,1,30.0179
500,250,300,-150,1,1,1,1,1,30.1062
500,250,300,-50,1,1,1,1,1,30.0252
500,250,300,50,1,1,1,1,1,30.0669
500,250,300,150,1,1,1,1,1,29.4592
500,250,300,250,1,1,1,1,1,30.1016
500,250,300,350,1,1,1,0,0,1.8694
500,250,300,450,1,0,0,0,0,1.8694
500,250,400,-450,1,1,1,1,1,30.0494
500,250,400,-350,1,1,1,1,1,30.0734
500,250,400,-250,1,1,1,1,1,30.0849
500,250,400,-150,1,1,1,1,1,30.029
500,250,400,-50,1,1,1,1,1,30.0209
500,250,400,50,1,1,1,1,1,30.0725
500,250,400,150,1,1,1,1,1,29.3209
500,250,400,250,1,1,1,0,0,7.9558
500,250,400,350,1,1,1,0,0,6.00098
500,250,400,450,1,0,0,0,0,6.00098
500,250,500,-450,1,1,1,1,1,30.0262
500,250,500,-350,1,1,1,1,1,30.1114
500,250,500,-250,1,1,1,1,1,30.0253
500,250,500,-150,1,1,1,1,1,30.039
500,250,500,-50,1,1,1,1,1,30.0434
500,250,500,50,1,1,1,1,1,30.0836
500,250,500,150,1,1,1,1,1,23.275
500,250,500,250,1,1,1,0,0,0.000122
500,250,500,350,1,0,0,0,0,0.000122
500,250,500,450,1,0,0,0,0,0.000122
500,250,600,-450,1,0,0,0,0,0.000122
500,250,600,-350,1,1,1,1,1,30.0203
500,250,600,-250,1,1,1,1,1,30.0313
500,250,600,-150,1,1,1,1,1,30.0154
500,250,600,-50,1,1,1,1,1,30.2861
500,250,600,50,1,1,1,1,1,29.3361
500,250,600,150,1,1,1,1,1,30.0407
500,250,600,250,1,0,0,1,0,30.0407
500,250,600,350,1,0,0,1,0,30.0407
500,250,600,450,1,0,0,1,0,30.0407
500,350,200,-450,1,1,1,1,1,29.902
500,350,200,-350,1,1,1,1,1,30.0594
500,350,200,-250,1,1,1,1,1,29.7922
500,350,200,-150,1,1,1,1,1,29.9908
500,350,200,-50,1,1,1,1,1,29.7442
500,350,200,50,1,1,1,1,1,25.0339
500,350,200,150,1,1,1,0,0,3.22321
500,350,200,250,1,1,1,1,1,22.2989
500,350,200,350,1,1,1,0,0,16.8949
500,350,200,450,1,1,1,0,0,9.09041
500,350,300,-450,1,1,1,1,1,29.9461
500,350,300,-350,1,1,1,1,1,30.0236
500,350,300,-250,1,1,1,1,1,29.6834
500,350,300,-150,1,1,1,1,1,29.761
500,350,300,-50,1,1,1,1,1,29.7101
500,350,300,50,1,1,1,1,1,29.8466
500,350,300,150,1,1,1,1,1,29.5313
500,350,300,250,1,1,1,1,1,29.7656
500,350,300,350,1,1,1,0,0,20.9324
500,350,300,450,1,0,0,0,0,20.9324
500,350,400,-450,1,1,1,1,1,29.7614
500,350,400,-350,1,1,1,1,1,29.8284
500,350,400,-250,1,1,1,1,1,29.7604
500,350,400,-150,1,1,1,1,1,29.7027
500,350,400,-50,1,1,1,1,1,29.6808
500,350,400,50,1,1,1,1,1,29.8597
500,350,400,150,1,1,1,1,1,29.2878
500,350,400,250,1,1,1,1,1,25.9594
500,350,400,350,1,1,1,0,0,7.53933
500,350,400,450,1,0,0,0,0,7.53933
500,350,500,-450,1,1,1,1,1,29.695
500,350,500,-350,1,1,1,1,1,29.7671
500,350,500,-250,1,1,1,1,1,29.7102
500,350,500,-150,1,1,1,1,1,29.7234
500,350,500,-50,1,1,1,1,1,29.7093
500,350,500,50,1,1,1,1,1,29.8515
500,350,500,150,1,1,1,1,1,28.7584
500,350,500,250,1,1,1,1,1,15.52
500,350,500,350,1,0,0,1,0,15.52
500,350,500,450,1,0,0,1,0,15.52
500,350,600,-450,1,0,0,1,0,15.52
500,350,600,-350,1,1,1,1,1,29.6926
500,350,600,-250,1,1,1,1,1,29.7246
500,350,600,-150,1,1,1,1,1,29.6699
500,350,600,-50,1,1,1,1,1,30.0428
500,350,600,50,1,1,1,1,1,29.3158
500,350,600,150,1,1,1,1,1,29.7262
500,350,600,250,1,0,0,1,0,29.7262
500,350,600,350,1,0,0,1,0,29.7262
500,350,600,450,1,0,0,1,0,29.7262
500,450,200,-450,1,1,1,1,1,30.0833
500,450,200,-350,1,1,1,1,1,30.1958
500,450,200,-250,1,1,1,1,1,29.991
500,450,200,-150,1,1,1,1,1,30.0257
500,450,200,-50,1,1,1,1,1,29.8329
500,450,200,50,1,1,1,1,1,23.8175
500,450,200,150,1,1,1,0,0,49.117
500,450,200,250,1,1,1,1,1,17.7822
500,450,200,350,1,1,1,0,0,15.702
500,450,200,450,1,1,1,0,0,3.27477
500,450,300,-450,1,1,1,1,1,30.1368
500,450,300,-350,1,1,1,1,1,30.2175
500,450,300,-250,1,1,1,1,1,29.8427
500,450,300,-150,1,1,1,1,1,29.8941
500,450,300,-50,1,1,1,1,1,29.8304
500,450,300,50,1,1,1,1,1,29.8576
500,450,300,150,1,1,1,1,1,29.5571
500,450,300,250,1,1,1,1,1,29.9069
500,450,300,350,1,1,1,1,1,12.7894
500,450,300,450,1,0,0,1,0,12.7894
500,450,400,-450,1,1,1,1,1,29.9699
500,450,400,-350,1,1,1,1,1,30.0169
500,450,400,-250,1,1,1,1,1,29.8775
500,450,400,-150,1,1,1,1,1,29.9188
500,450,400,-50,1,1,1,1,1,29.8966
500,450,400,50,1,1,1,1,1,29.8653
500,450,400,150,1,1,1,1,1,29.3672
500,450,400,250,1,1,1,1,1,29.8276
500,450,400,350,1,1,1,1,1,13.1699
500,450,400,450,1,0,0,1,0,13.1699
500,450,500,-450,1,1,1,1,1,29.914
500,450,500,-350,1,1,1,1,1,29.8995
500,450,500,-250,1,1,1,1,1,29.8305
500,450,500,-150,1,1,1,1,1,29.9239
500,450,500,-50,1,1,1,1,1,29.8615
500,450,500,50,1,1,1,1,1,30.0354
500,450,500,150,1,1,1,1,1,28.895
500,450,500,250,1,1,1,1,1,29.9213
500,450,500,350,1,0,0,1,0,29.9213
500,450,500,450,1,0,0,1,0,29.9213
500,450,600,-450,1,0,0,1,0,29.9213
500,450,600,-350,1,1,1,1,1,29.8375
500,450,600,-250,1,1,1,1,1,29.8276
500,450,600,-150,1,1,1,1,1,29.8642
500,450,600,-50,1,1,1,1,1,30.1239
500,450,600,50,1,1,1,1,1,29.3887
500,450,600,150,1,1,1,1,1,29.9242
500,450,600,250,1,0,0,1,0,29.9242
500,450,600,350,1,0,0,1,0,29.9242
500,450,600,450,1,0,0,1,0,29.9242
600,-450,200,-450,0,1,0,1,0,30.0833
600,-450,200,-350,0,1,0,1,0,30.1958
600,-450,200,-250,0,1,0,1,0,29.991
600,-450,200,-150,0,1,0,1,0,30.0257
600,-450,200,-50,0,1,0,1,0,29.8329
600,-450,200,50,0,1,0,1,0,23.8175
600,-450,200,150,0,1,0,0,0,49.117
600,-450,200,250,0,1,0,1,0,17.7822
600,-450,200,350,0,1,0,0,0,15.702
600,-450,200,450,0,1,0,0,0,3.27477
600,-450,300,-450,0,1,0,1,0,30.1368
600,-450,300,-350,0,1,0,1,0,30.2175
600,-450,300,-250,0,1,0,1,0,29.8427
600,-450,300,-150,0,1,0,1,0,29.8941
600,-450,300,-50,0,1,0,1,0,29.8304
600,-450,300,50,0,1,0,1,0,29.8576
600,-450,300,150,0,1,0,1,0,29.5571
600,-450,300,250,0,1,0,1,0,29.9069
600,-450,300,350,0,1,0,1,0,12.7893
600,-450,300,450,0,0,0,1,0,12.7893
600,-450,400,-450,0,1,0,1,0,29.9699
600,-450,400,-350,0,1,0,1,0,30.0169
600,-450,400,-250,0,1,0,1,0,29.8775
600,-450,400,-150,0,1,0,1,0,29.9188
600,-450,400,-50,0,1,0,1,0,29.8966
600,-450,400,50,0,1,0,1,0,29.8653
600,-450,400,150,0,1,0,1,0,29.3672
600,-450,400,250,0,1,0,1,0,29.8276
600,-450,400,350,0,1,0,1,0,13.1699
600,-450,400,450,0,0,0,1,0,13.1699
600,-450,500,-450,0,1,0,1,0,29.914
600,-450,500,-350,0,1,0,1,0,29.8995
600,-450,500,-250,0,1,0,1,0,29.8305
600,-450,500,-150,0,1,0,1,0,29.9239
600,-450,500,-50,0,1,0,1,0,29.8615
600,-450,500,50,0,1,0,1,0,30.0354
600,-450,500,150,0,1,0,1,0,28.895
600,-450,500,250,0,1,0,1,0,29.9213
600,-450,500,350,0,0,0,1,0,29.9213
600,-450,500,450,0,0,0,1,0,29.9213
600,-450,600,-450,0,0,0,1,0,29.9213
600,-450,600,-350,0,1,0,1,0,29.8375
600,-450,600,-250,0,1,0,1,0,29.8276
600,-450,600,-150,0,1,0,1,0,29.8642
600,-450,600,-50,0,1,0,1,0,30.1239
600,-450,600,50,0,1,0,1,0,29.3887
600,-450,600,150,0,1,0,1,0,29.9242
600,-450,600,250,0,0,0,1,0,29.9242
600,-450,600,350,0,0,0,1,0,29.9242
600,-450,600,450,0,0,0,1,0,29.9242
600,-350,200,-450,0,1,0,1,0,30.0833
600,-350,200,-350,0,1,0,1,0,30.1958
600,-350,200,-250,0,1,0,1,0,29.991
600,-350,200,-150,0,1,0,1,0,30.0257
600,-350,200,-50,0,1,0,1,0,29.8329
600,-350,200,50,0,1,0,1,0,23.8175
600,-350,200,150,0,1,0,0,0,49.117
600,-350,200,250,0,1,0,1,0,17.7822
600,-350,200,350,0,1,0,0,0,15.702
600,-350,200,450,0,1,0,0,0,3.27477
600,-350,300,-450,0,1,0,1,0,30.1368
600,-350,300,-350,0,1,0,1,0,30.2175
600,-350,300,-250,0,1,0,1,0,29.8427
600,-350,300,-150,0,1,0,1,0,29.8941
600,-350,300,-50,0,1,0,1,0,29.8304
600,-350,300,50,0,1,0,1,0,29.8576
600,-350,300,150,0,1,0,1,0,29.5571
600,-350,300,250,0,1,0,1,0,29.9069
600,-350,300,350,0,1,0,1,0,12.7894
600,-350,300,450,0,0,0,1,0,12.7894
600,-350,400,-450,0,1,0,1,0,29.9699
600,-350,400,-350,0,1,0,1,0,30.0169
600,-350,400,-250,0,1,0,1,0,29.8775
600,-350,400,-150,0,1,0,1,0,29.9188
600,-350,400,-50,0,1,0,1,0,29.8966
600,-350,400,50,0,1,0,1,0,29.8653
600,-350,400,150,0,1,0,1,0,29.3672
600,-350,400,250,0,1,0,1,0,29.8276
600,-350,400,350,0,1,0,1,0,13.1699
600,-350,400,450,0,0,0,1,0,13.1699
600,-350,500,-450,0,1,0,1,0,29.914
600,-350,500,-350,0,1,0,1,0,29.8995
600,-350,500,-250,0,1,0,1,0,29.8305
600,-350,500,-150,0,1,0,1,0,29.9239
600,-350,500,-50,0,1,0,1,0,29.8615
600,-350,500,50,0,1,0,1,0,30.0354
600,-350,500,150,0,1,0,1,0,28.895
600,-350,500,250,0,1,0,1,0,29.9213
600,-350,500,350,0,0,0,1,0,29.9213
600,-350,500,450,0,0,0,1,0,29.9213
600,-350,600,-450,0,0,0,1,0,29.9213
600,-350,600,-350,0,1,0,1,0,29.8375
600,-350,600,-250,0,1,0,1,0,29.8276
600,-350,600,-150,0,1,0,1,0,29.8642
600,-350,600,-50,0,1,0,1,0,30.1239
600,-350,600,50,0,1,0,1,0,29.3887
600,-350,600,150,0,1,0,1,0,29.9242
600,-350,600,250,0,0,0,1,0,29.9242
600,-350,600,350,0,0,0,1,0,29.9242
600,-350,600,450,0,0,0,1,0,29.9242
600,-250,200,-450,0,1,0,1,0,30.0833
600,-250,200,-350,0,1,0,1,0,30.1958
600,-250,200,-250,0,1,0,1,0,29.991
600,-250,200,-150,0,1,0,1,0,30.0257
600,-250,200,-50,0,1,0,1,0,29.8329
600,-250,200,50,0,1,0,1,0,23.8175
600,-250,200,150,0,1,0,0,0,49.117
600,-250,200,250,0,1,0,1,0,1.78E+01
600,-250,200,350,0,1,0,0,0,15.702
600,-250,200,450,0,1,0,0,0,3.27477
600,-250,300,-450,0,1,0,1,0,30.1368
600,-250,300,-350,0,1,0,1,0,30.2175
600,-250,300,-250,0,1,0,1,0,29.8427
600,-250,300,-150,0,1,0,1,0,29.8941
600,-250,300,-50,0,1,0,1,0,29.8304
600,-250,300,50,0,1,0,1,0,29.8576
600,-250,300,150,0,1,0,1,0,29.5571
600,-250,300,250,0,1,0,1,0,29.9069
600,-250,300,350,0,1,0,1,0,12.7894
600,-250,300,450,0,0,0,1,0,12.7894
600,-250,400,-450,0,1,0,1,0,29.9699
600,-250,400,-350,0,1,0,1,0,30.0169
600,-250,400,-250,0,1,0,1,0,29.8775
600,-250,400,-150,0,1,0,1,0,29.9188
600,-250,400,-50,0,1,0,1,0,29.8966
600,-250,400,50,0,1,0,1,0,29.8653
600,-250,400,150,0,1,0,1,0,29.3672
600,-250,400,250,0,1,0,1,0,29.8276
600,-250,400,350,0,1,0,1,0,13.1699
600,-250,400,450,0,0,0,1,0,13.1699
600,-250,500,-450,0,1,0,1,0,29.914
600,-250,500,-350,0,1,0,1,0,29.8995
600,-250,500,-250,0,1,0,1,0,29.8305
600,-250,500,-150,0,1,0,1,0,29.9239
600,-250,500,-50,0,1,0,1,0,29.8615
600,-250,500,50,0,1,0,1,0,30.0354
600,-250,500,150,0,1,0,1,0,28.895
600,-250,500,250,0,1,0,1,0,29.9213
600,-250,500,350,0,0,0,1,0,29.9213
600,-250,500,450,0,0,0,1,0,29.9213
600,-250,600,-450,0,0,0,1,0,29.9213
600,-250,600,-350,0,1,0,1,0,29.8375
600,-250,600,-250,0,1,0,1,0,29.8276
600,-250,600,-150,0,1,0,1,0,29.8642
600,-250,600,-50,0,1,0,1,0,30.1239
600,-250,600,50,0,1,0,1,0,29.3887
600,-250,600,150,0,1,0,1,0,29.9242
600,-250,600,250,0,0,0,1,0,29.9242
600,-250,600,350,0,0,0,1,0,29.9242
600,-250,600,450,0,0,0,1,0,29.9242
600,-150,200,-450,1,1,1,1,1,29.773
600,-150,200,-350,1,1,1,1,1,30.0177
600,-150,200,-250,1,1,1,1,1,29.6789
600,-150,200,-150,1,1,1,1,1,30.0174
600,-150,200,-50,1,1,1,1,1,29.7448
600,-150,200,50,1,1,1,1,1,21.6972
600,-150,200,150,1,1,1,0,0,13.8838
600,-150,200,250,1,1,1,1,1,24.1437
600,-150,200,350,1,1,1,1,1,1.79E+01
600,-150,200,450,1,1,1,0,0,11.5942
600,-150,300,-450,1,1,1,1,1,29.8311
600,-150,300,-350,1,1,1,1,1,29.9433
600,-150,300,-250,1,1,1,1,1,29.7338
600,-150,300,-150,1,1,1,1,1,29.7217
600,-150,300,-50,1,1,1,1,1,29.7311
600,-150,300,50,1,1,1,0,0,24.1649
600,-150,300,150,1,1,1,0,0,7.02456
600,-150,300,250,1,1,1,0,0,5.72001
600,-150,300,350,1,1,1,0,0,18.1215
600,-150,300,450,1,0,0,0,0,18.1215
600,-150,400,-450,1,1,1,1,1,29.6646
600,-150,400,-350,1,1,1,1,1,29.7007
600,-150,400,-250,1,1,1,1,1,29.7319
600,-150,400,-150,1,1,1,1,1,29.6482
600,-150,400,-50,1,1,1,1,1,24.0313
600,-150,400,50,1,1,1,0,0,19.2578
600,-150,400,150,1,1,1,0,0,10.4911
600,-150,400,250,1,1,1,0,0,7.2878
600,-150,400,350,1,1,1,0,0,18.4524
600,-150,400,450,1,0,0,0,0,18.4524
600,-150,500,-450,1,1,1,1,1,29.6484
600,-150,500,-350,1,1,1,1,1,29.7282
600,-150,500,-250,1,1,1,1,1,29.7311
600,-150,500,-150,1,1,1,0,0,4.4356
600,-150,500,-50,1,1,1,0,0,2.5292
600,-150,500,50,1,1,1,0,0,4.51629
600,-150,500,150,1,1,1,0,0,27.6669
600,-150,500,250,1,1,1,0,0,1.17991
600,-150,500,350,1,0,0,0,0,1.17991
600,-150,500,450,1,0,0,0,0,1.17991
600,-150,600,-450,1,0,0,0,0,1.17991
600,-150,600,-350,1,1,1,1,1,29.7211
600,-150,600,-250,1,1,1,1,1,10.9412
600,-150,600,-150,1,1,1,0,0,9.10E-05
600,-150,600,-50,1,1,1,0,0,2.26129
600,-150,600,50,1,1,1,0,0,17.2351
600,-150,600,150,1,1,1,0,0,16.0646
600,-150,600,250,1,0,0,0,0,16.0646
600,-150,600,350,1,0,0,0,0,16.0646
600,-150,600,450,1,0,0,0,0,16.0646
600,-50,200,-450,1,1,1,1,1,29.012
600,-50,200,-350,1,1,1,1,1,29.1716
600,-50,200,-250,1,1,1,1,1,29.089
600,-50,200,-150,1,1,1,1,1,29.3575
600,-50,200,-50,1,1,1,1,1,29.0146
600,-50,200,50,1,1,1,0,0,5.49495
600,-50,200,150,1,1,1,1,1,13.5813
600,-50,200,250,1,1,1,1,1,29.0855
600,-50,200,350,1,1,1,1,1,29.0075
600,-50,200,450,1,1,1,0,0,6.30E+00
600,-50,300,-450,1,1,1,1,1,28.9977
600,-50,300,-350,1,1,1,1,1,29.0306
600,-50,300,-250,1,1,1,1,1,29.3338
600,-50,300,-150,1,1,1,1,1,29.0117
600,-50,300,-50,1,1,1,1,1,29.0549
600,-50,300,50,1,1,1,1,1,29.3885
600,-50,300,150,1,1,1,0,0,20.6043
600,-50,300,250,1,1,1,0,0,1.8074
600,-50,300,350,1,1,1,0,0,2.96747
600,-50,300,450,1,0,0,0,0,2.96747
600,-50,400,-450,1,1,1,1,1,29.0719
600,-50,400,-350,1,1,1,1,1,29.0495
600,-50,400,-250,1,1,1,1,1,29.0011
600,-50,400,-150,1,1,1,1,1,29.091
600,-50,400,-50,1,1,1,1,1,29.0943
600,-50,400,50,1,1,1,1,1,19.7593
600,-50,400,150,1,1,1,0,0,17.91
600,-50,400,250,1,1,1,0,0,11.8142
600,-50,400,350,1,1,1,0,0,1.68039
600,-50,400,450,1,0,0,0,0,1.68039
600,-50,500,-450,1,1,1,1,1,29.0926
600,-50,500,-350,1,1,1,1,1,29.01
600,-50,500,-250,1,1,1,1,1,29.0542
600,-50,500,-150,1,1,1,1,1,29.0838
600,-50,500,-50,1,1,1,0,0,4.59047
600,-50,500,50,1,1,1,0,0,5.1388
600,-50,500,150,1,1,1,0,0,2.29894
600,-50,500,250,1,1,1,0,0,29.0546
600,-50,500,350,1,0,0,0,0,29.0546
600,-50,500,450,1,0,0,0,0,29.0546
600,-50,600,-450,1,0,0,0,0,29.0546
600,-50,600,-350,1,1,1,1,1,29.067
600,-50,600,-250,1,1,1,1,1,29.0396
600,-50,600,-150,1,1,1,1,1,17.3931
600,-50,600,-50,1,1,1,0,0,0
600,-50,600,50,1,1,1,0,0,2.55748
600,-50,600,150,1,1,1,0,0,16.2878
600,-50,600,250,1,0,0,0,0,16.2878
600,-50,600,350,1,0,0,0,0,16.2878
600,-50,600,450,1,0,0,0,0,16.2878
600,50,200,-450,1,1,1,1,1,29.7882
600,50,200,-350,1,1,1,1,1,30.0244
600,50,200,-250,1,1,1,1,1,29.6952
600,50,200,-150,1,1,1,1,1,30.007
600,50,200,-50,1,1,1,1,1,29.741
600,50,200,50,1,1,1,0,0,30.0167
600,50,200,150,1,1,1,0,0,8.50903
600,50,200,250,1,1,1,0,0,9.71983
600,50,200,350,1,1,1,1,1,29.7358
600,50,200,450,1,1,1,0,0,22.7407
600,50,300,-450,1,1,1,1,1,2.98E+01
600,50,300,-350,1,1,1,1,1,29.9598
600,50,300,-250,1,1,1,1,1,29.7092
600,50,300,-150,1,1,1,1,1,29.7279
600,50,300,-50,1,1,1,1,1,29.7222
600,50,300,50,1,1,1,1,1,29.8981
600,50,300,150,1,1,1,0,0,8.32042
600,50,300,250,1,1,1,0,0,9.2635
600,50,300,350,1,1,1,0,0,25.1685
600,50,300,450,1,0,0,0,0,25.1685
600,50,400,-450,1,1,1,1,1,29.6768
600,50,400,-350,1,1,1,1,1,29.7211
600,50,400,-250,1,1,1,1,1,29.7354
600,50,400,-150,1,1,1,1,1,29.6498
600,50,400,-50,1,1,1,1,1,29.6479
600,50,400,50,1,1,1,1,1,29.9087
600,50,400,150,1,1,1,0,0,2.422
600,50,400,250,1,1,1,0,0,2.87316
600,50,400,350,1,1,1,0,0,22.4601
600,50,400,450,1,0,0,0,0,22.4601
600,50,500,-450,1,1,1,1,1,29.648
600,50,500,-350,1,1,1,1,1,29.7343
600,50,500,-250,1,1,1,1,1,29.7222
600,50,500,-150,1,1,1,1,1,29.6609
600,50,500,-50,1,1,1,1,1,29.6665
600,50,500,50,1,1,1,0,0,6.99826
600,50,500,150,1,1,1,0,0,1.71933
600,50,500,250,1,1,1,0,0,11.3059
600,50,500,350,1,0,0,0,0,11.3059
600,50,500,450,1,0,0,0,0,11.3059
600,50,600,-450,1,0,0,0,0,11.3059
600,50,600,-350,1,1,1,1,1,29.7101
600,50,600,-250,1,1,1,1,1,29.7308
600,50,600,-150,1,1,1,1,1,29.6569
600,50,600,-50,1,1,1,1,1,17.4552
600,50,600,50,1,1,1,0,0,0
600,50,600,150,1,1,1,0,0,1.7113
600,50,600,250,1,0,0,0,0,1.7113
600,50,600,350,1,0,0,0,0,1.7113
600,50,600,450,1,0,0,0,0,1.7113
600,150,200,-450,1,1,1,1,1,29.9166
600,150,200,-350,1,1,1,1,1,30.1028
600,150,200,-250,1,1,1,1,1,29.9277
600,150,200,-150,1,1,1,1,1,30.2834
600,150,200,-50,1,1,1,1,1,29.9429
600,150,200,50,1,1,1,1,1,18.616
600,150,200,150,1,1,1,0,0,5.37848
600,150,200,250,1,1,1,0,0,24.1623
600,150,200,350,1,1,1,1,1,29.9168
600,150,200,450,1,1,1,0,0,3.18389
600,150,300,-450,1,1,1,1,1,29.9185
600,150,300,-350,1,1,1,1,1,3.00E+01
600,150,300,-250,1,1,1,1,1,30.0516
600,150,300,-150,1,1,1,1,1,29.9168
600,150,300,-50,1,1,1,1,1,29.9826
600,150,300,50,1,1,1,1,1,30.2117
600,150,300,150,1,1,1,1,1,29.1766
600,150,300,250,1,1,1,0,0,4.80245
600,150,300,350,1,1,1,0,0,7.41385
600,150,300,450,1,0,0,0,0,7.41385
600,150,400,-450,1,1,1,1,1,29.9341
600,150,400,-350,1,1,1,1,1,29.9224
600,150,400,-250,1,1,1,1,1,29.9172
600,150,400,-150,1,1,1,1,1,29.9566
600,150,400,-50,1,1,1,1,1,29.9755
600,150,400,50,1,1,1,1,1,30.2248
600,150,400,150,1,1,1,1,1,29.0299
600,150,400,250,1,1,1,0,0,19.0475
600,150,400,350,1,1,1,0,0,2.4227
600,150,400,450,1,0,0,0,0,2.4227
600,150,500,-450,1,1,1,1,1,29.9618
600,150,500,-350,1,1,1,1,1,29.9166
600,150,500,-250,1,1,1,1,1,29.9821
600,150,500,-150,1,1,1,1,1,29.943
600,150,500,-50,1,1,1,1,1,29.9196
600,150,500,50,1,1,1,1,1,29.9197
600,150,500,150,1,1,1,0,0,11.1406
600,150,500,250,1,1,1,0,0,1.81329
600,150,500,350,1,0,0,0,0,1.81329
600,150,500,450,1,0,0,0,0,1.81329
600,150,600,-450,1,0,0,0,0,1.81329
600,150,600,-350,1,1,1,1,1,29.9941
600,150,600,-250,1,1,1,1,1,29.9681
600,150,600,-150,1,1,1,1,1,29.928
600,150,600,-50,1,1,1,1,1,30.2221
600,150,600,50,1,1,1,1,1,15.4998
600,150,600,150,1,1,1,0,0,0.000122
600,150,600,250,1,0,0,0,0,0.000122
600,150,600,350,1,0,0,0,0,0.000122
600,150,600,450,1,0,0,0,0,0.000122
600,250,200,-450,1,1,1,1,1,29.7465
600,250,200,-350,1,1,1,1,1,30.0131
600,250,200,-250,1,1,1,1,1,29.6701
600,250,200,-150,1,1,1,1,1,30.0323
600,250,200,-50,1,1,1,1,1,29.7523
600,250,200,50,1,1,1,1,1,23.77
600,250,200,150,1,1,1,0,0,3.44856
600,250,200,250,1,1,1,0,0,19.7069
600,250,200,350,1,1,1,1,1,16.022
600,250,200,450,1,1,1,0,0,4.23441
600,250,300,-450,1,1,1,1,1,29.8056
600,250,300,-350,1,1,1,1,1,29.9277
600,250,300,-250,1,1,1,1,1,2.98E+01
600,250,300,-150,1,1,1,1,1,29.7178
600,250,300,-50,1,1,1,1,1,29.7444
600,250,300,50,1,1,1,1,1,29.9485
600,250,300,150,1,1,1,1,1,29.404
600,250,300,250,1,1,1,0,0,17.0313
600,250,300,350,1,1,1,0,0,17.3997
600,250,300,450,1,0,0,0,0,17.3997
600,250,400,-450,1,1,1,1,1,29.6605
600,250,400,-350,1,1,1,1,1,29.6866
600,250,400,-250,1,1,1,1,1,29.7311
600,250,400,-150,1,1,1,1,1,29.6562
600,250,400,-50,1,1,1,1,1,29.6686
600,250,400,50,1,1,1,1,1,29.9572
600,250,400,150,1,1,1,1,1,29.1144
600,250,400,250,1,1,1,0,0,1.44811
600,250,400,350,1,1,1,0,0,6.35043
600,250,400,450,1,0,0,0,0,6.35043
600,250,500,-450,1,1,1,1,1,29.6587
600,250,500,-350,1,1,1,1,1,29.7244
600,250,500,-250,1,1,1,1,1,29.7444
600,250,500,-150,1,1,1,1,1,29.6549
600,250,500,-50,1,1,1,1,1,29.6568
600,250,500,50,1,1,1,1,1,29.701
600,250,500,150,1,1,1,1,1,25.1429
600,250,500,250,1,1,1,0,0,4.81676
600,250,500,350,1,0,0,0,0,4.81676
600,250,500,450,1,0,0,0,0,4.81676
600,250,600,-450,1,0,0,0,0,4.81676
600,250,600,-350,1,1,1,1,1,29.7367
600,250,600,-250,1,1,1,1,1,29.7488
600,250,600,-150,1,1,1,1,1,29.6633
600,250,600,-50,1,1,1,1,1,30.0445
600,250,600,50,1,1,1,1,1,29.1481
600,250,600,150,1,1,1,0,0,9.82512
600,250,600,250,1,0,0,0,0,9.82512
600,250,600,350,1,0,0,0,0,9.82512
600,250,600,450,1,0,0,0,0,9.82512
600,350,200,-450,1,1,1,1,1,29.7274
600,350,200,-350,1,1,1,1,1,30.0124
600,350,200,-250,1,1,1,1,1,29.6758
600,350,200,-150,1,1,1,1,1,30.0589
600,350,200,-50,1,1,1,1,1,29.7684
600,350,200,50,1,1,1,1,1,24.0428
600,350,200,150,1,1,1,0,0,3.62437
600,350,200,250,1,1,1,0,0,19.5748
600,350,200,350,1,1,1,1,1,14.5733
600,350,200,450,1,1,1,0,0,3.45906
600,350,300,-450,1,1,1,1,1,29.7768
600,350,300,-350,1,1,1,1,1,29.9115
600,350,300,-250,1,1,1,1,1,29.8369
600,350,300,-150,1,1,1,1,1,29.7181
600,350,300,-50,1,1,1,1,1,29.7689
600,350,300,50,1,1,1,1,1,29.9939
600,350,300,150,1,1,1,1,1,29.3446
600,350,300,250,1,1,1,0,0,17.9704
600,350,300,350,1,1,1,0,0,16.6313
600,350,300,450,1,0,0,0,0,16.6313
600,350,400,-450,1,1,1,1,1,29.6728
600,350,400,-350,1,1,1,1,1,29.6847
600,350,400,-250,1,1,1,1,1,29.7356
600,350,400,-150,1,1,1,1,1,29.6854
600,350,400,-50,1,1,1,1,1,29.7081
600,350,400,50,1,1,1,1,1,30.0012
600,350,400,150,1,1,1,1,1,29.0494
600,350,400,250,1,1,1,1,1,29.7703
600,350,400,350,1,1,1,0,0,7.57001
600,350,400,450,1,0,0,0,0,7.57001
600,350,500,-450,1,1,1,1,1,29.6911
600,350,500,-350,1,1,1,1,1,29.7248
600,350,500,-250,1,1,1,1,1,29.7687
600,350,500,-150,1,1,1,1,1,29.6748
600,350,500,-50,1,1,1,1,1,29.6732
600,350,500,50,1,1,1,1,1,29.6941
600,350,500,150,1,1,1,1,1,28.9342
600,350,500,250,1,1,1,1,1,27.1852
600,350,500,350,1,0,0,1,0,27.1852
600,350,500,450,1,0,0,1,0,27.1852
600,350,600,-450,1,0,0,1,0,27.1852
600,350,600,-350,1,1,1,1,1,29.7644
600,350,600,-250,1,1,1,1,1,29.77
600,350,600,-150,1,1,1,1,1,29.6759
600,350,600,-50,1,1,1,1,1,30.0587
600,350,600,50,1,1,1,1,1,29.0812
600,350,600,150,1,1,1,1,1,29.6739
600,350,600,250,1,0,0,1,0,29.6739
600,350,600,350,1,0,0,1,0,29.6739
600,350,600,450,1,0,0,1,0,29.6739
600,450,200,-450,0,1,0,1,0,29.7274
600,450,200,-350,0,1,0,1,0,30.0124
600,450,200,-250,0,1,0,1,0,29.6758
600,450,200,-150,0,1,0,1,0,30.0589
600,450,200,-50,0,1,0,1,0,29.7684
600,450,200,50,0,1,0,1,0,24.0428
600,450,200,150,0,1,0,0,0,3.62438
600,450,200,250,0,1,0,0,0,19.5748
600,450,200,350,0,1,0,1,0,14.5733
600,450,200,450,0,1,0,0,0,3.45906
600,450,300,-450,0,1,0,1,0,29.7768
600,450,300,-350,0,1,0,1,0,29.9115
600,450,300,-250,0,1,0,1,0,29.8369
600,450,300,-150,0,1,0,1,0,29.7181
600,450,300,-50,0,1,0,1,0,29.7689
600,450,300,50,0,1,0,1,0,29.9939
600,450,300,150,0,1,0,1,0,29.3446
600,450,300,250,0,1,0,0,0,17.9704
600,450,300,350,0,1,0,0,0,16.6314
600,450,300,450,0,0,0,0,0,16.6314
600,450,400,-450,0,1,0,1,0,29.6728
600,450,400,-350,0,1,0,1,0,29.6847
600,450,400,-250,0,1,0,1,0,29.7356
600,450,400,-150,0,1,0,1,0,29.6854
600,450,400,-50,0,1,0,1,0,29.7081
600,450,400,50,0,1,0,1,0,30.0012
600,450,400,150,0,1,0,1,0,29.0494
600,450,400,250,0,1,0,1,0,29.7703
600,450,400,350,0,1,0,0,0,7.57001
600,450,400,450,0,0,0,0,0,7.57001
600,450,500,-450,0,1,0,1,0,29.6911
600,450,500,-350,0,1,0,1,0,29.7248
600,450,500,-250,0,1,0,1,0,29.7687
600,450,500,-150,0,1,0,1,0,29.6748
600,450,500,-50,0,1,0,1,0,29.6732
600,450,500,50,0,1,0,1,0,29.6941
600,450,500,150,0,1,0,1,0,28.9342
600,450,500,250,0,1,0,1,0,27.1852
600,450,500,350,0,0,0,1,0,27.1852
600,450,500,450,0,0,0,1,0,27.1852
600,450,600,-450,0,0,0,1,0,27.1852
600,450,600,-350,0,1,0,1,0,29.7644
600,450,600,-250,0,1,0,1,0,29.77
600,450,600,-150,0,1,0,1,0,29.6759
600,450,600,-50,0,1,0,1,0,30.0587
600,450,600,50,0,1,0,1,0,29.0812
600,450,600,150,0,1,0,1,0,29.6739
600,450,600,250,0,0,0,1,0,29.6739
600,450,600,350,0,0,0,1,0,29.6739
600,450,600,450,0,0,0,1,0,29.6739
