Brazo derecho, ,Brazo izquierdo, ,Distancia
X,      Y,   X,    Y
200, -450, 200, -450, 70.01
200, -350, 200, -450, 70.01
200, -250, 200, -450, 70.01
200, -150, 200, -450, 70.01
200,  -50, 200, -450, 70.01
200,   50, 200, -450, 70.01
200,  150, 200, -450, 70.01
200,  250, 200, -450, 70.01
200,  350, 200, -450, 70.01
200,  450, 200, -450, 70.01
300, -450, 200, -450, 70.01
300, -350, 200, -450, 70.01
300, -250, 200, -450, 70.01
300, -150, 200, -450, 70.01
300,  -50, 200, -450, 70.01
300,   50, 200, -450, 70.01
300,  150, 200, -450, 70.01
300,  250, 200, -450, 70.01
300,  350, 200, -450, 70.01
300,  450, 200, -450, 70.01
400, -450, 200, -450, 70.01
400, -350, 200, -450, 70.01
400, -250, 200, -450, 70.01
400, -150, 200, -450, 70.01
400,  -50, 200, -450, 70.01
400,   50, 200, -450, 70.01
400,  150, 200, -450, 70.01
400,  250, 200, -450, 70.01
400,  350, 200, -450, 70.01
400,  450, 200, -450, 70.01
500, -450, 200, -450, 70.01
500, -350, 200, -450, 70.01
500, -250, 200, -450, 70.01
500, -150, 200, -450, 70.01
500,  -50, 200, -450, 70.01
500,   50, 200, -450, 70.01
500,  150, 200, -450, 70.01
500,  250, 200, -450, 70.01
500,  350, 200, -450, 70.01
500,  450, 200, -450, 70.01
600, -450, 200, -450, 70.01
600, -350, 200, -450, 70.01
600, -250, 200, -450, 70.01
600, -150, 200, -450, 70.01
600,  -50, 200, -450, 70.01
600,   50, 200, -450, 70.01
600,  150, 200, -450, 70.01
600,  250, 200, -450, 70.01
600,  350, 200, -450, 70.01
600,  450, 200, -450, 70.01
200, -450, 200, -350, 70.01
200, -350, 200, -350, 70.01
200, -250, 200, -350, 70.01
200, -150, 200, -350, 70.01
200,  -50, 200, -350, 70.01
200,   50, 200, -350, 70.01
200,  150, 200, -350, 70.01
200,  250, 200, -350, 70.01
200,  350, 200, -350, 70.01
200,  450, 200, -350, 70.01
300, -450, 200, -350, 70.01
300, -350, 200, -350, 70.01
300, -250, 200, -350, 70.01
300, -150, 200, -350, 70.01
300,  -50, 200, -350, 70.01
300,   50, 200, -350, 70.01
300,  150, 200, -350, 70.01
300,  250, 200, -350, 70.01
300,  350, 200, -350, 70.01
300,  450, 200, -350, 70.01
400, -450, 200, -350, 70.01
400, -350, 200, -350, 70.01
400, -250, 200, -350, 70.01
400, -150, 200, -350, 70.01
400,  -50, 200, -350, 70.01
400,   50, 200, -350, 70.01
400,  150, 200, -350, 70.01
400,  250, 200, -350, 70.01
400,  350, 200, -350, 70.01
400,  450, 200, -350, 70.01
500, -450, 200, -350, 70.01
500, -350, 200, -350, 70.01
500, -250, 200, -350, 70.01
500, -150, 200, -350, 70.01
500,  -50, 200, -350, 70.01
500,   50, 200, -350, 70.01
500,  150, 200, -350, 70.01
500,  250, 200, -350, 70.01
500,  350, 200, -350, 70.01
500,  450, 200, -350, 70.01
600, -450, 200, -350, 70.01
600, -350, 200, -350, 70.01
600, -250, 200, -350, 70.01
600, -150, 200, -350, 70.01
600,  -50, 200, -350, 70.01
600,   50, 200, -350, 70.01
600,  150, 200, -350, 70.01
600,  250, 200, -350, 70.01
600,  350, 200, -350, 70.01
600,  450, 200, -350, 70.01
200, -450, 200, -250, 70.01
200, -350, 200, -250, 70.01
200, -250, 200, -250, 70.01
200, -150, 200, -250, 70.01
200,  -50, 200, -250, 70.01
200,   50, 200, -250, 70.01
200,  150, 200, -250, 70.01
200,  250, 200, -250, 70.01
200,  350, 200, -250, 70.01
200,  450, 200, -250, 70.01
300, -450, 200, -250, 70.01
300, -350, 200, -250, 70.01
300, -250, 200, -250, 70.01
300, -150, 200, -250, 70.01
300,  -50, 200, -250, 70.01
300,   50, 200, -250, 70.01
300,  150, 200, -250, 70.01
300,  250, 200, -250, 70.01
300,  350, 200, -250, 70.01
300,  450, 200, -250, 70.01
400, -450, 200, -250, 70.01
400, -350, 200, -250, 70.01
400, -250, 200, -250, 70.01
400, -150, 200, -250, 70.01
400,  -50, 200, -250, 70.01
400,   50, 200, -250, 70.01
400,  150, 200, -250, 70.01
400,  250, 200, -250, 70.01
400,  350, 200, -250, 70.01
400,  450, 200, -250, 70.01
500, -450, 200, -250, 70.01
500, -350, 200, -250, 70.01
500, -250, 200, -250, 70.01
500, -150, 200, -250, 70.01
500,  -50, 200, -250, 70.01
500,   50, 200, -250, 70.01
500,  150, 200, -250, 70.01
500,  250, 200, -250, 70.01
500,  350, 200, -250, 70.01
500,  450, 200, -250, 70.01
600, -450, 200, -250, 70.01
600, -350, 200, -250, 70.01
600, -250, 200, -250, 70.01
600, -150, 200, -250, 70.01
600,  -50, 200, -250, 70.01
600,   50, 200, -250, 70.01
600,  150, 200, -250, 70.01
600,  250, 200, -250, 70.01
600,  350, 200, -250, 70.01
600,  450, 200, -250, 70.01
200, -450, 200, -150, 70.01
200, -350, 200, -150, 70.01
200, -250, 200, -150, 70.01
200, -150, 200, -150, 70.01
200,  -50, 200, -150, 70.01
200,   50, 200, -150, 70.01
200,  150, 200, -150, 70.01
200,  250, 200, -150, 70.01
200,  350, 200, -150, 70.01
200,  450, 200, -150, 70.01
300, -450, 200, -150, 70.01
300, -350, 200, -150, 70.01
300, -250, 200, -150, 70.01
300, -150, 200, -150, 70.01
300,  -50, 200, -150, 70.01
300,   50, 200, -150, 70.01
300,  150, 200, -150, 70.01
300,  250, 200, -150, 70.01
300,  350, 200, -150, 70.01
300,  450, 200, -150, 70.01
400, -450, 200, -150, 70.01
400, -350, 200, -150, 70.01
400, -250, 200, -150, 70.01
400, -150, 200, -150, 70.01
400,  -50, 200, -150, 70.01
400,   50, 200, -150, 70.01
400,  150, 200, -150, 70.01
400,  250, 200, -150, 70.01
400,  350, 200, -150, 70.01
400,  450, 200, -150, 70.01
500, -450, 200, -150, 70.01
500, -350, 200, -150, 70.01
500, -250, 200, -150, 70.01
500, -150, 200, -150, 70.01
500,  -50, 200, -150, 70.01
500,   50, 200, -150, 70.01
500,  150, 200, -150, 70.01
500,  250, 200, -150, 70.01
500,  350, 200, -150, 70.01
500,  450, 200, -150, 70.01
600, -450, 200, -150, 70.01
600, -350, 200, -150, 70.01
600, -250, 200, -150, 70.01
600, -150, 200, -150, 70.01
600,  -50, 200, -150, 70.01
600,   50, 200, -150, 70.01
600,  150, 200, -150, 70.01
600,  250, 200, -150, 70.01
600,  350, 200, -150, 70.01
600,  450, 200, -150, 70.01
200, -450, 200,  -50, 70.01
200, -350, 200,  -50, 70.01
200, -250, 200,  -50, 70.01
200, -150, 200,  -50, 70.01
200,  -50, 200,  -50, 70.01
200,   50, 200,  -50, 70.01
200,  150, 200,  -50, 70.01
200,  250, 200,  -50, 70.01
200,  350, 200,  -50, 70.01
200,  450, 200,  -50, 70.01
300, -450, 200,  -50, 70.01
300, -350, 200,  -50, 70.01
300, -250, 200,  -50, 70.01
300, -150, 200,  -50, 70.01
300,  -50, 200,  -50, 70.01
300,   50, 200,  -50, 70.01
300,  150, 200,  -50, 70.01
300,  250, 200,  -50, 70.01
300,  350, 200,  -50, 70.01
300,  450, 200,  -50, 70.01
400, -450, 200,  -50, 70.01
400, -350, 200,  -50, 70.01
400, -250, 200,  -50, 70.01
400, -150, 200,  -50, 70.01
400,  -50, 200,  -50, 70.01
400,   50, 200,  -50, 70.01
400,  150, 200,  -50, 70.01
400,  250, 200,  -50, 70.01
400,  350, 200,  -50, 70.01
400,  450, 200,  -50, 70.01
500, -450, 200,  -50, 70.01
500, -350, 200,  -50, 70.01
500, -250, 200,  -50, 70.01
500, -150, 200,  -50, 70.01
500,  -50, 200,  -50, 70.01
500,   50, 200,  -50, 70.01
500,  150, 200,  -50, 70.01
500,  250, 200,  -50, 70.01
500,  350, 200,  -50, 70.01
500,  450, 200,  -50, 70.01
600, -450, 200,  -50, 70.01
600, -350, 200,  -50, 70.01
600, -250, 200,  -50, 70.01
600, -150, 200,  -50, 70.01
600,  -50, 200,  -50, 70.01
600,   50, 200,  -50, 70.01
600,  150, 200,  -50, 70.01
600,  250, 200,  -50, 70.01
600,  350, 200,  -50, 70.01
600,  450, 200,  -50, 70.01
200, -450, 200,   50, 70.01
200, -350, 200,   50, 70.01
200, -250, 200,   50, 70.01
200, -150, 200,   50, 70.01
200,  -50, 200,   50, 70.01
200,   50, 200,   50, 70.01
200,  150, 200,   50, 70.01
200,  250, 200,   50, 70.01
200,  350, 200,   50, 70.01
200,  450, 200,   50, 70.01
300, -450, 200,   50, 70.01
300, -350, 200,   50, 70.01
300, -250, 200,   50, 70.01
300, -150, 200,   50, 70.01
300,  -50, 200,   50, 70.01
300,   50, 200,   50, 70.01
300,  150, 200,   50, 70.01
300,  250, 200,   50, 70.01
300,  350, 200,   50, 70.01
300,  450, 200,   50, 70.01
400, -450, 200,   50, 70.01
400, -350, 200,   50, 70.01
400, -250, 200,   50, 70.01
400, -150, 200,   50, 70.01
400,  -50, 200,   50, 70.01
400,   50, 200,   50, 70.01
400,  150, 200,   50, 70.01
400,  250, 200,   50, 70.01
400,  350, 200,   50, 70.01
400,  450, 200,   50, 70.01
500, -450, 200,   50, 70.01
500, -350, 200,   50, 70.01
500, -250, 200,   50, 70.01
500, -150, 200,   50, 70.01
500,  -50, 200,   50, 70.01
500,   50, 200,   50, 70.01
500,  150, 200,   50, 70.01
500,  250, 200,   50, 70.01
500,  350, 200,   50, 70.01
500,  450, 200,   50, 70.01
600, -450, 200,   50, 70.01
600, -350, 200,   50, 70.01
600, -250, 200,   50, 70.01
600, -150, 200,   50, 70.01
600,  -50, 200,   50, 70.01
600,   50, 200,   50, 70.01
600,  150, 200,   50, 70.01
600,  250, 200,   50, 70.01
600,  350, 200,   50, 70.01
600,  450, 200,   50, 70.01
200, -450, 200,  150, 70.01
200, -350, 200,  150, 70.01
200, -250, 200,  150, 70.01
200, -150, 200,  150, 70.01
200,  -50, 200,  150, 70.01
200,   50, 200,  150, 70.01
200,  150, 200,  150, 70.01
200,  250, 200,  150, 70.01
200,  350, 200,  150, 70.01
200,  450, 200,  150, 70.01
300, -450, 200,  150, 70.01
300, -350, 200,  150, 70.01
300, -250, 200,  150, 70.01
300, -150, 200,  150, 70.01
300,  -50, 200,  150, 70.01
300,   50, 200,  150, 70.01
300,  150, 200,  150, 70.01
300,  250, 200,  150, 70.01
300,  350, 200,  150, 70.01
300,  450, 200,  150, 70.01
400, -450, 200,  150, 70.01
400, -350, 200,  150, 70.01
400, -250, 200,  150, 70.01
400, -150, 200,  150, 70.01
400,  -50, 200,  150, 70.01
400,   50, 200,  150, 70.01
400,  150, 200,  150, 70.01
400,  250, 200,  150, 70.01
400,  350, 200,  150, 70.01
400,  450, 200,  150, 70.01
500, -450, 200,  150, 70.01
500, -350, 200,  150, 70.01
500, -250, 200,  150, 70.01
500, -150, 200,  150, 70.01
500,  -50, 200,  150, 70.01
500,   50, 200,  150, 70.01
500,  150, 200,  150, 70.01
500,  250, 200,  150, 70.01
500,  350, 200,  150, 70.01
500,  450, 200,  150, 70.01
600, -450, 200,  150, 70.01
600, -350, 200,  150, 70.01
600, -250, 200,  150, 70.01
600, -150, 200,  150, 70.01
600,  -50, 200,  150, 70.01
600,   50, 200,  150, 70.01
600,  150, 200,  150, 70.01
600,  250, 200,  150, 70.01
600,  350, 200,  150, 70.01
600,  450, 200,  150, 70.01
200, -450, 200,  250, 70.01
200, -350, 200,  250, 70.01
200, -250, 200,  250, 70.01
200, -150, 200,  250, 70.01
200,  -50, 200,  250, 70.01
200,   50, 200,  250, 70.01
200,  150, 200,  250, 70.01
200,  250, 200,  250, 70.01
200,  350, 200,  250, 70.01
200,  450, 200,  250, 70.01
300, -450, 200,  250, 70.01
300, -350, 200,  250, 70.01
300, -250, 200,  250, 70.01
300, -150, 200,  250, 70.01
300,  -50, 200,  250, 70.01
300,   50, 200,  250, 70.01
300,  150, 200,  250, 70.01
300,  250, 200,  250, 70.01
300,  350, 200,  250, 70.01
300,  450, 200,  250, 70.01
400, -450, 200,  250, 70.01
400, -350, 200,  250, 70.01
400, -250, 200,  250, 70.01
400, -150, 200,  250, 70.01
400,  -50, 200,  250, 70.01
400,   50, 200,  250, 70.01
400,  150, 200,  250, 70.01
400,  250, 200,  250, 70.01
400,  350, 200,  250, 70.01
400,  450, 200,  250, 70.01
500, -450, 200,  250, 70.01
500, -350, 200,  250, 70.01
500, -250, 200,  250, 70.01
500, -150, 200,  250, 70.01
500,  -50, 200,  250, 70.01
500,   50, 200,  250, 70.01
500,  150, 200,  250, 70.01
500,  250, 200,  250, 70.01
500,  350, 200,  250, 70.01
500,  450, 200,  250, 70.01
600, -450, 200,  250, 70.01
600, -350, 200,  250, 70.01
600, -250, 200,  250, 70.01
600, -150, 200,  250, 70.01
600,  -50, 200,  250, 70.01
600,   50, 200,  250, 70.01
600,  150, 200,  250, 70.01
600,  250, 200,  250, 70.01
600,  350, 200,  250, 70.01
600,  450, 200,  250, 70.01
200, -450, 200,  350, 70.01
200, -350, 200,  350, 70.01
200, -250, 200,  350, 70.01
200, -150, 200,  350, 70.01
200,  -50, 200,  350, 70.01
200,   50, 200,  350, 70.01
200,  150, 200,  350, 70.01
200,  250, 200,  350, 70.01
200,  350, 200,  350, 70.01
200,  450, 200,  350, 70.01
300, -450, 200,  350, 70.01
300, -350, 200,  350, 70.01
300, -250, 200,  350, 70.01
300, -150, 200,  350, 70.01
300,  -50, 200,  350, 70.01
300,   50, 200,  350, 70.01
300,  150, 200,  350, 70.01
300,  250, 200,  350, 70.01
300,  350, 200,  350, 70.01
300,  450, 200,  350, 70.01
400, -450, 200,  350, 70.01
400, -350, 200,  350, 70.01
400, -250, 200,  350, 70.01
400, -150, 200,  350, 70.01
400,  -50, 200,  350, 70.01
400,   50, 200,  350, 70.01
400,  150, 200,  350, 70.01
400,  250, 200,  350, 70.01
400,  350, 200,  350, 70.01
400,  450, 200,  350, 70.01
500, -450, 200,  350, 70.01
500, -350, 200,  350, 70.01
500, -250, 200,  350, 70.01
500, -150, 200,  350, 70.01
500,  -50, 200,  350, 70.01
500,   50, 200,  350, 70.01
500,  150, 200,  350, 70.01
500,  250, 200,  350, 70.01
500,  350, 200,  350, 70.01
500,  450, 200,  350, 70.01
600, -450, 200,  350, 70.01
600, -350, 200,  350, 70.01
600, -250, 200,  350, 70.01
600, -150, 200,  350, 70.01
600,  -50, 200,  350, 70.01
600,   50, 200,  350, 70.01
600,  150, 200,  350, 70.01
600,  250, 200,  350, 70.01
600,  350, 200,  350, 70.01
600,  450, 200,  350, 70.01
200, -450, 200,  450, 70.01
200, -350, 200,  450, 70.01
200, -250, 200,  450, 70.01
200, -150, 200,  450, 70.01
200,  -50, 200,  450, 70.01
200,   50, 200,  450, 70.01
200,  150, 200,  450, 70.01
200,  250, 200,  450, 70.01
200,  350, 200,  450, 70.01
200,  450, 200,  450, 70.01
300, -450, 200,  450, 70.01
300, -350, 200,  450, 70.01
300, -250, 200,  450, 70.01
300, -150, 200,  450, 70.01
300,  -50, 200,  450, 70.01
300,   50, 200,  450, 70.01
300,  150, 200,  450, 70.01
300,  250, 200,  450, 70.01
300,  350, 200,  450, 70.01
300,  450, 200,  450, 70.01
400, -450, 200,  450, 70.01
400, -350, 200,  450, 70.01
400, -250, 200,  450, 70.01
400, -150, 200,  450, 70.01
400,  -50, 200,  450, 70.01
400,   50, 200,  450, 70.01
400,  150, 200,  450, 70.01
400,  250, 200,  450, 70.01
400,  350, 200,  450, 70.01
400,  450, 200,  450, 70.01
500, -450, 200,  450, 70.01
500, -350, 200,  450, 70.01
500, -250, 200,  450, 70.01
500, -150, 200,  450, 70.01
500,  -50, 200,  450, 70.01
500,   50, 200,  450, 70.01
500,  150, 200,  450, 70.01
500,  250, 200,  450, 70.01
500,  350, 200,  450, 70.01
500,  450, 200,  450, 70.01
600, -450, 200,  450, 70.01
600, -350, 200,  450, 70.01
600, -250, 200,  450, 70.01
600, -150, 200,  450, 70.01
600,  -50, 200,  450, 70.01
600,   50, 200,  450, 70.01
600,  150, 200,  450, 70.01
600,  250, 200,  450, 70.01
600,  350, 200,  450, 70.01
600,  450, 200,  450, 70.01
200, -450, 300, -450, 70.01
200, -350, 300, -450, 70.01
200, -250, 300, -450, 70.01
200, -150, 300, -450, 70.01
200,  -50, 300, -450, 70.01
200,   50, 300, -450, 70.01
200,  150, 300, -450, 70.01
200,  250, 300, -450, 70.01
200,  350, 300, -450, 70.01
200,  450, 300, -450, 70.01
300, -450, 300, -450, 70.01
300, -350, 300, -450, 70.01
300, -250, 300, -450, 70.01
300, -150, 300, -450, 70.01
300,  -50, 300, -450, 70.01
300,   50, 300, -450, 70.01
300,  150, 300, -450, 70.01
300,  250, 300, -450, 70.01
300,  350, 300, -450, 70.01
300,  450, 300, -450, 70.01
400, -450, 300, -450, 70.01
400, -350, 300, -450, 70.01
400, -250, 300, -450, 70.01
400, -150, 300, -450, 70.01
400,  -50, 300, -450, 70.01
400,   50, 300, -450, 70.01
400,  150, 300, -450, 70.01
400,  250, 300, -450, 70.01
400,  350, 300, -450, 70.01
400,  450, 300, -450, 70.01
500, -450, 300, -450, 70.01
500, -350, 300, -450, 70.01
500, -250, 300, -450, 70.01
500, -150, 300, -450, 70.01
500,  -50, 300, -450, 70.01
500,   50, 300, -450, 70.01
500,  150, 300, -450, 70.01
500,  250, 300, -450, 70.01
500,  350, 300, -450, 70.01
500,  450, 300, -450, 70.01
600, -450, 300, -450, 70.01
600, -350, 300, -450, 70.01
600, -250, 300, -450, 70.01
600, -150, 300, -450, 70.01
600,  -50, 300, -450, 70.01
600,   50, 300, -450, 70.01
600,  150, 300, -450, 70.01
600,  250, 300, -450, 70.01
600,  350, 300, -450, 70.01
600,  450, 300, -450, 70.01
200, -450, 300, -350, 70.01
200, -350, 300, -350, 70.01
200, -250, 300, -350, 70.01
200, -150, 300, -350, 70.01
200,  -50, 300, -350, 70.01
200,   50, 300, -350, 70.01
200,  150, 300, -350, 70.01
200,  250, 300, -350, 70.01
200,  350, 300, -350, 70.01
200,  450, 300, -350, 70.01
300, -450, 300, -350, 70.01
300, -350, 300, -350, 70.01
300, -250, 300, -350, 70.01
300, -150, 300, -350, 70.01
300,  -50, 300, -350, 70.01
300,   50, 300, -350, 70.01
300,  150, 300, -350, 70.01
300,  250, 300, -350, 70.01
300,  350, 300, -350, 70.01
300,  450, 300, -350, 70.01
400, -450, 300, -350, 70.01
400, -350, 300, -350, 70.01
400, -250, 300, -350, 70.01
400, -150, 300, -350, 70.01
400,  -50, 300, -350, 70.01
400,   50, 300, -350, 70.01
400,  150, 300, -350, 70.01
400,  250, 300, -350, 70.01
400,  350, 300, -350, 70.01
400,  450, 300, -350, 70.01
500, -450, 300, -350, 70.01
500, -350, 300, -350, 70.01
500, -250, 300, -350, 70.01
500, -150, 300, -350, 70.01
500,  -50, 300, -350, 70.01
500,   50, 300, -350, 70.01
500,  150, 300, -350, 70.01
500,  250, 300, -350, 70.01
500,  350, 300, -350, 70.01
500,  450, 300, -350, 70.01
600, -450, 300, -350, 70.01
600, -350, 300, -350, 70.01
600, -250, 300, -350, 70.01
600, -150, 300, -350, 70.01
600,  -50, 300, -350, 70.01
600,   50, 300, -350, 70.01
600,  150, 300, -350, 70.01
600,  250, 300, -350, 70.01
600,  350, 300, -350, 70.01
600,  450, 300, -350, 70.01
200, -450, 300, -250, 70.01
200, -350, 300, -250, 70.01
200, -250, 300, -250, 70.01
200, -150, 300, -250, 70.01
200,  -50, 300, -250, 70.01
200,   50, 300, -250, 70.01
200,  150, 300, -250, 70.01
200,  250, 300, -250, 70.01
200,  350, 300, -250, 70.01
200,  450, 300, -250, 70.01
300, -450, 300, -250, 70.01
300, -350, 300, -250, 70.01
300, -250, 300, -250, 70.01
300, -150, 300, -250, 70.01
300,  -50, 300, -250, 70.01
300,   50, 300, -250, 70.01
300,  150, 300, -250, 70.01
300,  250, 300, -250, 70.01
300,  350, 300, -250, 70.01
300,  450, 300, -250, 70.01
400, -450, 300, -250, 70.01
400, -350, 300, -250, 70.01
400, -250, 300, -250, 70.01
400, -150, 300, -250, 70.01
400,  -50, 300, -250, 70.01
400,   50, 300, -250, 70.01
400,  150, 300, -250, 70.01
400,  250, 300, -250, 70.01
400,  350, 300, -250, 70.01
400,  450, 300, -250, 70.01
500, -450, 300, -250, 70.01
500, -350, 300, -250, 70.01
500, -250, 300, -250, 70.01
500, -150, 300, -250, 70.01
500,  -50, 300, -250, 70.01
500,   50, 300, -250, 70.01
500,  150, 300, -250, 70.01
500,  250, 300, -250, 70.01
500,  350, 300, -250, 70.01
500,  450, 300, -250, 70.01
600, -450, 300, -250, 70.01
600, -350, 300, -250, 70.01
600, -250, 300, -250, 70.01
600, -150, 300, -250, 70.01
600,  -50, 300, -250, 70.01
600,   50, 300, -250, 70.01
600,  150, 300, -250, 70.01
600,  250, 300, -250, 70.01
600,  350, 300, -250, 70.01
600,  450, 300, -250, 70.01
200, -450, 300, -150, 70.01
200, -350, 300, -150, 70.01
200, -250, 300, -150, 70.01
200, -150, 300, -150, 70.01
200,  -50, 300, -150, 70.01
200,   50, 300, -150, 70.01
200,  150, 300, -150, 70.01
200,  250, 300, -150, 70.01
200,  350, 300, -150, 70.01
200,  450, 300, -150, 70.01
300, -450, 300, -150, 70.01
300, -350, 300, -150, 70.01
300, -250, 300, -150, 70.01
300, -150, 300, -150, 70.01
300,  -50, 300, -150, 70.01
300,   50, 300, -150, 70.01
300,  150, 300, -150, 70.01
300,  250, 300, -150, 70.01
300,  350, 300, -150, 70.01
300,  450, 300, -150, 70.01
400, -450, 300, -150, 70.01
400, -350, 300, -150, 70.01
400, -250, 300, -150, 70.01
400, -150, 300, -150, 70.01
400,  -50, 300, -150, 70.01
400,   50, 300, -150, 70.01
400,  150, 300, -150, 70.01
400,  250, 300, -150, 70.01
400,  350, 300, -150, 70.01
400,  450, 300, -150, 70.01
500, -450, 300, -150, 70.01
500, -350, 300, -150, 70.01
500, -250, 300, -150, 70.01
500, -150, 300, -150, 70.01
500,  -50, 300, -150, 70.01
500,   50, 300, -150, 70.01
500,  150, 300, -150, 70.01
500,  250, 300, -150, 70.01
500,  350, 300, -150, 70.01
500,  450, 300, -150, 70.01
600, -450, 300, -150, 70.01
600, -350, 300, -150, 70.01
600, -250, 300, -150, 70.01
600, -150, 300, -150, 70.01
600,  -50, 300, -150, 70.01
600,   50, 300, -150, 70.01
600,  150, 300, -150, 70.01
600,  250, 300, -150, 70.01
600,  350, 300, -150, 70.01
600,  450, 300, -150, 70.01
200, -450, 300,  -50, 70.01
200, -350, 300,  -50, 70.01
200, -250, 300,  -50, 70.01
200, -150, 300,  -50, 70.01
200,  -50, 300,  -50, 70.01
200,   50, 300,  -50, 70.01
200,  150, 300,  -50, 70.01
200,  250, 300,  -50, 70.01
200,  350, 300,  -50, 70.01
200,  450, 300,  -50, 70.01
300, -450, 300,  -50, 70.01
300, -350, 300,  -50, 70.01
300, -250, 300,  -50, 70.01
300, -150, 300,  -50, 70.01
300,  -50, 300,  -50, 70.01
300,   50, 300,  -50, 70.01
300,  150, 300,  -50, 70.01
300,  250, 300,  -50, 70.01
300,  350, 300,  -50, 70.01
300,  450, 300,  -50, 70.01
400, -450, 300,  -50, 70.01
400, -350, 300,  -50, 70.01
400, -250, 300,  -50, 70.01
400, -150, 300,  -50, 70.01
400,  -50, 300,  -50, 70.01
400,   50, 300,  -50, 70.01
400,  150, 300,  -50, 70.01
400,  250, 300,  -50, 70.01
400,  350, 300,  -50, 70.01
400,  450, 300,  -50, 70.01
500, -450, 300,  -50, 70.01
500, -350, 300,  -50, 70.01
500, -250, 300,  -50, 70.01
500, -150, 300,  -50, 70.01
500,  -50, 300,  -50, 70.01
500,   50, 300,  -50, 70.01
500,  150, 300,  -50, 70.01
500,  250, 300,  -50, 70.01
500,  350, 300,  -50, 70.01
500,  450, 300,  -50, 70.01
600, -450, 300,  -50, 70.01
600, -350, 300,  -50, 70.01
600, -250, 300,  -50, 70.01
600, -150, 300,  -50, 70.01
600,  -50, 300,  -50, 70.01
600,   50, 300,  -50, 70.01
600,  150, 300,  -50, 70.01
600,  250, 300,  -50, 70.01
600,  350, 300,  -50, 70.01
600,  450, 300,  -50, 70.01
200, -450, 300,   50, 70.01
200, -350, 300,   50, 70.01
200, -250, 300,   50, 70.01
200, -150, 300,   50, 70.01
200,  -50, 300,   50, 70.01
200,   50, 300,   50, 70.01
200,  150, 300,   50, 70.01
200,  250, 300,   50, 70.01
200,  350, 300,   50, 70.01
200,  450, 300,   50, 70.01
300, -450, 300,   50, 70.01
300, -350, 300,   50, 70.01
300, -250, 300,   50, 70.01
300, -150, 300,   50, 70.01
300,  -50, 300,   50, 70.01
300,   50, 300,   50, 70.01
300,  150, 300,   50, 70.01
300,  250, 300,   50, 70.01
300,  350, 300,   50, 70.01
300,  450, 300,   50, 70.01
400, -450, 300,   50, 70.01
400, -350, 300,   50, 70.01
400, -250, 300,   50, 70.01
400, -150, 300,   50, 70.01
400,  -50, 300,   50, 70.01
400,   50, 300,   50, 70.01
400,  150, 300,   50, 70.01
400,  250, 300,   50, 70.01
400,  350, 300,   50, 70.01
400,  450, 300,   50, 70.01
500, -450, 300,   50, 70.01
500, -350, 300,   50, 70.01
500, -250, 300,   50, 70.01
500, -150, 300,   50, 70.01
500,  -50, 300,   50, 70.01
500,   50, 300,   50, 70.01
500,  150, 300,   50, 70.01
500,  250, 300,   50, 70.01
500,  350, 300,   50, 70.01
500,  450, 300,   50, 70.01
600, -450, 300,   50, 70.01
600, -350, 300,   50, 70.01
600, -250, 300,   50, 70.01
600, -150, 300,   50, 70.01
600,  -50, 300,   50, 70.01
600,   50, 300,   50, 70.01
600,  150, 300,   50, 70.01
600,  250, 300,   50, 70.01
600,  350, 300,   50, 70.01
600,  450, 300,   50, 70.01
200, -450, 300,  150, 70.01
200, -350, 300,  150, 70.01
200, -250, 300,  150, 70.01
200, -150, 300,  150, 70.01
200,  -50, 300,  150, 70.01
200,   50, 300,  150, 70.01
200,  150, 300,  150, 70.01
200,  250, 300,  150, 70.01
200,  350, 300,  150, 70.01
200,  450, 300,  150, 70.01
300, -450, 300,  150, 70.01
300, -350, 300,  150, 70.01
300, -250, 300,  150, 70.01
300, -150, 300,  150, 70.01
300,  -50, 300,  150, 70.01
300,   50, 300,  150, 70.01
300,  150, 300,  150, 70.01
300,  250, 300,  150, 70.01
300,  350, 300,  150, 70.01
300,  450, 300,  150, 70.01
400, -450, 300,  150, 70.01
400, -350, 300,  150, 70.01
400, -250, 300,  150, 70.01
400, -150, 300,  150, 70.01
400,  -50, 300,  150, 70.01
400,   50, 300,  150, 70.01
400,  150, 300,  150, 70.01
400,  250, 300,  150, 70.01
400,  350, 300,  150, 70.01
400,  450, 300,  150, 70.01
500, -450, 300,  150, 70.01
500, -350, 300,  150, 70.01
500, -250, 300,  150, 70.01
500, -150, 300,  150, 70.01
500,  -50, 300,  150, 70.01
500,   50, 300,  150, 70.01
500,  150, 300,  150, 70.01
500,  250, 300,  150, 70.01
500,  350, 300,  150, 70.01
500,  450, 300,  150, 70.01
600, -450, 300,  150, 70.01
600, -350, 300,  150, 70.01
600, -250, 300,  150, 70.01
600, -150, 300,  150, 70.01
600,  -50, 300,  150, 70.01
600,   50, 300,  150, 70.01
600,  150, 300,  150, 70.01
600,  250, 300,  150, 70.01
600,  350, 300,  150, 70.01
600,  450, 300,  150, 70.01
200, -450, 300,  250, 70.01
200, -350, 300,  250, 70.01
200, -250, 300,  250, 70.01
200, -150, 300,  250, 70.01
200,  -50, 300,  250, 70.01
200,   50, 300,  250, 70.01
200,  150, 300,  250, 70.01
200,  250, 300,  250, 70.01
200,  350, 300,  250, 70.01
200,  450, 300,  250, 70.01
300, -450, 300,  250, 70.01
300, -350, 300,  250, 70.01
300, -250, 300,  250, 70.01
300, -150, 300,  250, 70.01
300,  -50, 300,  250, 70.01
300,   50, 300,  250, 70.01
300,  150, 300,  250, 70.01
300,  250, 300,  250, 70.01
300,  350, 300,  250, 70.01
300,  450, 300,  250, 70.01
400, -450, 300,  250, 70.01
400, -350, 300,  250, 70.01
400, -250, 300,  250, 70.01
400, -150, 300,  250, 70.01
400,  -50, 300,  250, 70.01
400,   50, 300,  250, 70.01
400,  150, 300,  250, 70.01
400,  250, 300,  250, 70.01
400,  350, 300,  250, 70.01
400,  450, 300,  250, 70.01
500, -450, 300,  250, 70.01
500, -350, 300,  250, 70.01
500, -250, 300,  250, 70.01
500, -150, 300,  250, 70.01
500,  -50, 300,  250, 70.01
500,   50, 300,  250, 70.01
500,  150, 300,  250, 70.01
500,  250, 300,  250, 70.01
500,  350, 300,  250, 70.01
500,  450, 300,  250, 70.01
600, -450, 300,  250, 70.01
600, -350, 300,  250, 70.01
600, -250, 300,  250, 70.01
600, -150, 300,  250, 70.01
600,  -50, 300,  250, 70.01
600,   50, 300,  250, 70.01
600,  150, 300,  250, 70.01
600,  250, 300,  250, 70.01
600,  350, 300,  250, 70.01
600,  450, 300,  250, 70.01
200, -450, 300,  350, 70.01
200, -350, 300,  350, 70.01
200, -250, 300,  350, 70.01
200, -150, 300,  350, 70.01
200,  -50, 300,  350, 70.01
200,   50, 300,  350, 70.01
200,  150, 300,  350, 70.01
200,  250, 300,  350, 70.01
200,  350, 300,  350, 70.01
200,  450, 300,  350, 70.01
300, -450, 300,  350, 70.01
300, -350, 300,  350, 70.01
300, -250, 300,  350, 70.01
300, -150, 300,  350, 70.01
300,  -50, 300,  350, 70.01
300,   50, 300,  350, 70.01
300,  150, 300,  350, 70.01
300,  250, 300,  350, 70.01
300,  350, 300,  350, 70.01
300,  450, 300,  350, 70.01
400, -450, 300,  350, 70.01
400, -350, 300,  350, 70.01
400, -250, 300,  350, 70.01
400, -150, 300,  350, 70.01
400,  -50, 300,  350, 70.01
400,   50, 300,  350, 70.01
400,  150, 300,  350, 70.01
400,  250, 300,  350, 70.01
400,  350, 300,  350, 70.01
400,  450, 300,  350, 70.01
500, -450, 300,  350, 70.01
500, -350, 300,  350, 70.01
500, -250, 300,  350, 70.01
500, -150, 300,  350, 70.01
500,  -50, 300,  350, 70.01
500,   50, 300,  350, 70.01
500,  150, 300,  350, 70.01
500,  250, 300,  350, 70.01
500,  350, 300,  350, 70.01
500,  450, 300,  350, 70.01
600, -450, 300,  350, 70.01
600, -350, 300,  350, 70.01
600, -250, 300,  350, 70.01
600, -150, 300,  350, 70.01
600,  -50, 300,  350, 70.01
600,   50, 300,  350, 70.01
600,  150, 300,  350, 70.01
600,  250, 300,  350, 70.01
600,  350, 300,  350, 70.01
600,  450, 300,  350, 70.01
200, -450, 300,  450, 70.01
200, -350, 300,  450, 70.01
200, -250, 300,  450, 70.01
200, -150, 300,  450, 70.01
200,  -50, 300,  450, 70.01
200,   50, 300,  450, 70.01
200,  150, 300,  450, 70.01
200,  250, 300,  450, 70.01
200,  350, 300,  450, 70.01
200,  450, 300,  450, 70.01
300, -450, 300,  450, 70.01
300, -350, 300,  450, 70.01
300, -250, 300,  450, 70.01
300, -150, 300,  450, 70.01
300,  -50, 300,  450, 70.01
300,   50, 300,  450, 70.01
300,  150, 300,  450, 70.01
300,  250, 300,  450, 70.01
300,  350, 300,  450, 70.01
300,  450, 300,  450, 70.01
400, -450, 300,  450, 70.01
400, -350, 300,  450, 70.01
400, -250, 300,  450, 70.01
400, -150, 300,  450, 70.01
400,  -50, 300,  450, 70.01
400,   50, 300,  450, 70.01
400,  150, 300,  450, 70.01
400,  250, 300,  450, 70.01
400,  350, 300,  450, 70.01
400,  450, 300,  450, 70.01
500, -450, 300,  450, 70.01
500, -350, 300,  450, 70.01
500, -250, 300,  450, 70.01
500, -150, 300,  450, 70.01
500,  -50, 300,  450, 70.01
500,   50, 300,  450, 70.01
500,  150, 300,  450, 70.01
500,  250, 300,  450, 70.01
500,  350, 300,  450, 70.01
500,  450, 300,  450, 70.01
600, -450, 300,  450, 70.01
600, -350, 300,  450, 70.01
600, -250, 300,  450, 70.01
600, -150, 300,  450, 70.01
600,  -50, 300,  450, 70.01
600,   50, 300,  450, 70.01
600,  150, 300,  450, 70.01
600,  250, 300,  450, 70.01
600,  350, 300,  450, 70.01
600,  450, 300,  450, 70.01
200, -450, 400, -450, 70.01
200, -350, 400, -450, 70.01
200, -250, 400, -450, 70.01
200, -150, 400, -450, 70.01
200,  -50, 400, -450, 70.01
200,   50, 400, -450, 70.01
200,  150, 400, -450, 70.01
200,  250, 400, -450, 70.01
200,  350, 400, -450, 70.01
200,  450, 400, -450, 70.01
300, -450, 400, -450, 70.01
300, -350, 400, -450, 70.01
300, -250, 400, -450, 70.01
300, -150, 400, -450, 70.01
300,  -50, 400, -450, 70.01
300,   50, 400, -450, 70.01
300,  150, 400, -450, 70.01
300,  250, 400, -450, 70.01
300,  350, 400, -450, 70.01
300,  450, 400, -450, 70.01
400, -450, 400, -450, 70.01
400, -350, 400, -450, 70.01
400, -250, 400, -450, 70.01
400, -150, 400, -450, 70.01
400,  -50, 400, -450, 70.01
400,   50, 400, -450, 70.01
400,  150, 400, -450, 70.01
400,  250, 400, -450, 70.01
400,  350, 400, -450, 70.01
400,  450, 400, -450, 70.01
500, -450, 400, -450, 70.01
500, -350, 400, -450, 70.01
500, -250, 400, -450, 70.01
500, -150, 400, -450, 70.01
500,  -50, 400, -450, 70.01
500,   50, 400, -450, 70.01
500,  150, 400, -450, 70.01
500,  250, 400, -450, 70.01
500,  350, 400, -450, 70.01
500,  450, 400, -450, 70.01
600, -450, 400, -450, 70.01
600, -350, 400, -450, 70.01
600, -250, 400, -450, 70.01
600, -150, 400, -450, 70.01
600,  -50, 400, -450, 70.01
600,   50, 400, -450, 70.01
600,  150, 400, -450, 70.01
600,  250, 400, -450, 70.01
600,  350, 400, -450, 70.01
600,  450, 400, -450, 70.01
200, -450, 400, -350, 70.01
200, -350, 400, -350, 70.01
200, -250, 400, -350, 70.01
200, -150, 400, -350, 70.01
200,  -50, 400, -350, 70.01
200,   50, 400, -350, 70.01
200,  150, 400, -350, 70.01
200,  250, 400, -350, 70.01
200,  350, 400, -350, 70.01
200,  450, 400, -350, 70.01
300, -450, 400, -350, 70.01
300, -350, 400, -350, 70.01
300, -250, 400, -350, 70.01
300, -150, 400, -350, 70.01
300,  -50, 400, -350, 70.01
300,   50, 400, -350, 70.01
300,  150, 400, -350, 70.01
300,  250, 400, -350, 70.01
300,  350, 400, -350, 70.01
300,  450, 400, -350, 70.01
400, -450, 400, -350, 70.01
400, -350, 400, -350, 70.01
400, -250, 400, -350, 70.01
400, -150, 400, -350, 70.01
400,  -50, 400, -350, 70.01
400,   50, 400, -350, 70.01
400,  150, 400, -350, 70.01
400,  250, 400, -350, 70.01
400,  350, 400, -350, 70.01
400,  450, 400, -350, 70.01
500, -450, 400, -350, 70.01
500, -350, 400, -350, 70.01
500, -250, 400, -350, 70.01
500, -150, 400, -350, 70.01
500,  -50, 400, -350, 70.01
500,   50, 400, -350, 70.01
500,  150, 400, -350, 70.01
500,  250, 400, -350, 70.01
500,  350, 400, -350, 70.01
500,  450, 400, -350, 70.01
600, -450, 400, -350, 70.01
600, -350, 400, -350, 70.01
600, -250, 400, -350, 70.01
600, -150, 400, -350, 70.01
600,  -50, 400, -350, 70.01
600,   50, 400, -350, 70.01
600,  150, 400, -350, 70.01
600,  250, 400, -350, 70.01
600,  350, 400, -350, 70.01
600,  450, 400, -350, 70.01
200, -450, 400, -250, 70.01
200, -350, 400, -250, 70.01
200, -250, 400, -250, 70.01
200, -150, 400, -250, 70.01
200,  -50, 400, -250, 70.01
200,   50, 400, -250, 70.01
200,  150, 400, -250, 70.01
200,  250, 400, -250, 70.01
200,  350, 400, -250, 70.01
200,  450, 400, -250, 70.01
300, -450, 400, -250, 70.01
300, -350, 400, -250, 70.01
300, -250, 400, -250, 70.01
300, -150, 400, -250, 70.01
300,  -50, 400, -250, 70.01
300,   50, 400, -250, 70.01
300,  150, 400, -250, 70.01
300,  250, 400, -250, 70.01
300,  350, 400, -250, 70.01
300,  450, 400, -250, 70.01
400, -450, 400, -250, 70.01
400, -350, 400, -250, 70.01
400, -250, 400, -250, 70.01
400, -150, 400, -250, 70.01
400,  -50, 400, -250, 70.01
400,   50, 400, -250, 70.01
400,  150, 400, -250, 70.01
400,  250, 400, -250, 70.01
400,  350, 400, -250, 70.01
400,  450, 400, -250, 70.01
500, -450, 400, -250, 70.01
500, -350, 400, -250, 70.01
500, -250, 400, -250, 70.01
500, -150, 400, -250, 70.01
500,  -50, 400, -250, 70.01
500,   50, 400, -250, 70.01
500,  150, 400, -250, 70.01
500,  250, 400, -250, 70.01
500,  350, 400, -250, 70.01
500,  450, 400, -250, 70.01
600, -450, 400, -250, 70.01
600, -350, 400, -250, 70.01
600, -250, 400, -250, 70.01
600, -150, 400, -250, 70.01
600,  -50, 400, -250, 70.01
600,   50, 400, -250, 70.01
600,  150, 400, -250, 70.01
600,  250, 400, -250, 70.01
600,  350, 400, -250, 70.01
600,  450, 400, -250, 70.01
200, -450, 400, -150, 70.01
200, -350, 400, -150, 70.01
200, -250, 400, -150, 70.01
200, -150, 400, -150, 70.01
200,  -50, 400, -150, 70.01
200,   50, 400, -150, 70.01
200,  150, 400, -150, 70.01
200,  250, 400, -150, 70.01
200,  350, 400, -150, 70.01
200,  450, 400, -150, 70.01
300, -450, 400, -150, 70.01
300, -350, 400, -150, 70.01
300, -250, 400, -150, 70.01
300, -150, 400, -150, 70.01
300,  -50, 400, -150, 70.01
300,   50, 400, -150, 70.01
300,  150, 400, -150, 70.01
300,  250, 400, -150, 70.01
300,  350, 400, -150, 70.01
300,  450, 400, -150, 70.01
400, -450, 400, -150, 70.01
400, -350, 400, -150, 70.01
400, -250, 400, -150, 70.01
400, -150, 400, -150, 70.01
400,  -50, 400, -150, 70.01
400,   50, 400, -150, 70.01
400,  150, 400, -150, 70.01
400,  250, 400, -150, 70.01
400,  350, 400, -150, 70.01
400,  450, 400, -150, 70.01
500, -450, 400, -150, 70.01
500, -350, 400, -150, 70.01
500, -250, 400, -150, 70.01
500, -150, 400, -150, 70.01
500,  -50, 400, -150, 70.01
500,   50, 400, -150, 70.01
500,  150, 400, -150, 70.01
500,  250, 400, -150, 70.01
500,  350, 400, -150, 70.01
500,  450, 400, -150, 70.01
600, -450, 400, -150, 70.01
600, -350, 400, -150, 70.01
600, -250, 400, -150, 70.01
600, -150, 400, -150, 70.01
600,  -50, 400, -150, 70.01
600,   50, 400, -150, 70.01
600,  150, 400, -150, 70.01
600,  250, 400, -150, 70.01
600,  350, 400, -150, 70.01
600,  450, 400, -150, 70.01
200, -450, 400,  -50, 70.01
200, -350, 400,  -50, 70.01
200, -250, 400,  -50, 70.01
200, -150, 400,  -50, 70.01
200,  -50, 400,  -50, 70.01
200,   50, 400,  -50, 70.01
200,  150, 400,  -50, 70.01
200,  250, 400,  -50, 70.01
200,  350, 400,  -50, 70.01
200,  450, 400,  -50, 70.01
300, -450, 400,  -50, 70.01
300, -350, 400,  -50, 70.01
300, -250, 400,  -50, 70.01
300, -150, 400,  -50, 70.01
300,  -50, 400,  -50, 70.01
300,   50, 400,  -50, 70.01
300,  150, 400,  -50, 70.01
300,  250, 400,  -50, 70.01
300,  350, 400,  -50, 70.01
300,  450, 400,  -50, 70.01
400, -450, 400,  -50, 70.01
400, -350, 400,  -50, 70.01
400, -250, 400,  -50, 70.01
400, -150, 400,  -50, 70.01
400,  -50, 400,  -50, 70.01
400,   50, 400,  -50, 70.01
400,  150, 400,  -50, 70.01
400,  250, 400,  -50, 70.01
400,  350, 400,  -50, 70.01
400,  450, 400,  -50, 70.01
500, -450, 400,  -50, 70.01
500, -350, 400,  -50, 70.01
500, -250, 400,  -50, 70.01
500, -150, 400,  -50, 70.01
500,  -50, 400,  -50, 70.01
500,   50, 400,  -50, 70.01
500,  150, 400,  -50, 70.01
500,  250, 400,  -50, 70.01
500,  350, 400,  -50, 70.01
500,  450, 400,  -50, 70.01
600, -450, 400,  -50, 70.01
600, -350, 400,  -50, 70.01
600, -250, 400,  -50, 70.01
600, -150, 400,  -50, 70.01
600,  -50, 400,  -50, 70.01
600,   50, 400,  -50, 70.01
600,  150, 400,  -50, 70.01
600,  250, 400,  -50, 70.01
600,  350, 400,  -50, 70.01
600,  450, 400,  -50, 70.01
200, -450, 400,   50, 70.01
200, -350, 400,   50, 70.01
200, -250, 400,   50, 70.01
200, -150, 400,   50, 70.01
200,  -50, 400,   50, 70.01
200,   50, 400,   50, 70.01
200,  150, 400,   50, 70.01
200,  250, 400,   50, 70.01
200,  350, 400,   50, 70.01
200,  450, 400,   50, 70.01
300, -450, 400,   50, 70.01
300, -350, 400,   50, 70.01
300, -250, 400,   50, 70.01
300, -150, 400,   50, 70.01
300,  -50, 400,   50, 70.01
300,   50, 400,   50, 70.01
300,  150, 400,   50, 70.01
300,  250, 400,   50, 70.01
300,  350, 400,   50, 70.01
300,  450, 400,   50, 70.01
400, -450, 400,   50, 70.01
400, -350, 400,   50, 70.01
400, -250, 400,   50, 70.01
400, -150, 400,   50, 70.01
400,  -50, 400,   50, 70.01
400,   50, 400,   50, 70.01
400,  150, 400,   50, 70.01
400,  250, 400,   50, 70.01
400,  350, 400,   50, 70.01
400,  450, 400,   50, 70.01
500, -450, 400,   50, 70.01
500, -350, 400,   50, 70.01
500, -250, 400,   50, 70.01
500, -150, 400,   50, 70.01
500,  -50, 400,   50, 70.01
500,   50, 400,   50, 70.01
500,  150, 400,   50, 70.01
500,  250, 400,   50, 70.01
500,  350, 400,   50, 70.01
500,  450, 400,   50, 70.01
600, -450, 400,   50, 70.01
600, -350, 400,   50, 70.01
600, -250, 400,   50, 70.01
600, -150, 400,   50, 70.01
600,  -50, 400,   50, 70.01
600,   50, 400,   50, 70.01
600,  150, 400,   50, 70.01
600,  250, 400,   50, 70.01
600,  350, 400,   50, 70.01
600,  450, 400,   50, 70.01
200, -450, 400,  150, 70.01
200, -350, 400,  150, 70.01
200, -250, 400,  150, 70.01
200, -150, 400,  150, 70.01
200,  -50, 400,  150, 70.01
200,   50, 400,  150, 70.01
200,  150, 400,  150, 70.01
200,  250, 400,  150, 70.01
200,  350, 400,  150, 70.01
200,  450, 400,  150, 70.01
300, -450, 400,  150, 70.01
300, -350, 400,  150, 70.01
300, -250, 400,  150, 70.01
300, -150, 400,  150, 70.01
300,  -50, 400,  150, 70.01
300,   50, 400,  150, 70.01
300,  150, 400,  150, 70.01
300,  250, 400,  150, 70.01
300,  350, 400,  150, 70.01
300,  450, 400,  150, 70.01
400, -450, 400,  150, 70.01
400, -350, 400,  150, 70.01
400, -250, 400,  150, 70.01
400, -150, 400,  150, 70.01
400,  -50, 400,  150, 70.01
400,   50, 400,  150, 70.01
400,  150, 400,  150, 70.01
400,  250, 400,  150, 70.01
400,  350, 400,  150, 70.01
400,  450, 400,  150, 70.01
500, -450, 400,  150, 70.01
500, -350, 400,  150, 70.01
500, -250, 400,  150, 70.01
500, -150, 400,  150, 70.01
500,  -50, 400,  150, 70.01
500,   50, 400,  150, 70.01
500,  150, 400,  150, 70.01
500,  250, 400,  150, 70.01
500,  350, 400,  150, 70.01
500,  450, 400,  150, 70.01
600, -450, 400,  150, 70.01
600, -350, 400,  150, 70.01
600, -250, 400,  150, 70.01
600, -150, 400,  150, 70.01
600,  -50, 400,  150, 70.01
600,   50, 400,  150, 70.01
600,  150, 400,  150, 70.01
600,  250, 400,  150, 70.01
600,  350, 400,  150, 70.01
600,  450, 400,  150, 70.01
200, -450, 400,  250, 70.01
200, -350, 400,  250, 70.01
200, -250, 400,  250, 70.01
200, -150, 400,  250, 70.01
200,  -50, 400,  250, 70.01
200,   50, 400,  250, 70.01
200,  150, 400,  250, 70.01
200,  250, 400,  250, 70.01
200,  350, 400,  250, 70.01
200,  450, 400,  250, 70.01
300, -450, 400,  250, 70.01
300, -350, 400,  250, 70.01
300, -250, 400,  250, 70.01
300, -150, 400,  250, 70.01
300,  -50, 400,  250, 70.01
300,   50, 400,  250, 70.01
300,  150, 400,  250, 70.01
300,  250, 400,  250, 70.01
300,  350, 400,  250, 70.01
300,  450, 400,  250, 70.01
400, -450, 400,  250, 70.01
400, -350, 400,  250, 70.01
400, -250, 400,  250, 70.01
400, -150, 400,  250, 70.01
400,  -50, 400,  250, 70.01
400,   50, 400,  250, 70.01
400,  150, 400,  250, 70.01
400,  250, 400,  250, 70.01
400,  350, 400,  250, 70.01
400,  450, 400,  250, 70.01
500, -450, 400,  250, 70.01
500, -350, 400,  250, 70.01
500, -250, 400,  250, 70.01
500, -150, 400,  250, 70.01
500,  -50, 400,  250, 70.01
500,   50, 400,  250, 70.01
500,  150, 400,  250, 70.01
500,  250, 400,  250, 70.01
500,  350, 400,  250, 70.01
500,  450, 400,  250, 70.01
600, -450, 400,  250, 70.01
600, -350, 400,  250, 70.01
600, -250, 400,  250, 70.01
600, -150, 400,  250, 70.01
600,  -50, 400,  250, 70.01
600,   50, 400,  250, 70.01
600,  150, 400,  250, 70.01
600,  250, 400,  250, 70.01
600,  350, 400,  250, 70.01
600,  450, 400,  250, 70.01
200, -450, 400,  350, 70.01
200, -350, 400,  350, 70.01
200, -250, 400,  350, 70.01
200, -150, 400,  350, 70.01
200,  -50, 400,  350, 70.01
200,   50, 400,  350, 70.01
200,  150, 400,  350, 70.01
200,  250, 400,  350, 70.01
200,  350, 400,  350, 70.01
200,  450, 400,  350, 70.01
300, -450, 400,  350, 70.01
300, -350, 400,  350, 70.01
300, -250, 400,  350, 70.01
300, -150, 400,  350, 70.01
300,  -50, 400,  350, 70.01
300,   50, 400,  350, 70.01
300,  150, 400,  350, 70.01
300,  250, 400,  350, 70.01
300,  350, 400,  350, 70.01
300,  450, 400,  350, 70.01
400, -450, 400,  350, 70.01
400, -350, 400,  350, 70.01
400, -250, 400,  350, 70.01
400, -150, 400,  350, 70.01
400,  -50, 400,  350, 70.01
400,   50, 400,  350, 70.01
400,  150, 400,  350, 70.01
400,  250, 400,  350, 70.01
400,  350, 400,  350, 70.01
400,  450, 400,  350, 70.01
500, -450, 400,  350, 70.01
500, -350, 400,  350, 70.01
500, -250, 400,  350, 70.01
500, -150, 400,  350, 70.01
500,  -50, 400,  350, 70.01
500,   50, 400,  350, 70.01
500,  150, 400,  350, 70.01
500,  250, 400,  350, 70.01
500,  350, 400,  350, 70.01
500,  450, 400,  350, 70.01
600, -450, 400,  350, 70.01
600, -350, 400,  350, 70.01
600, -250, 400,  350, 70.01
600, -150, 400,  350, 70.01
600,  -50, 400,  350, 70.01
600,   50, 400,  350, 70.01
600,  150, 400,  350, 70.01
600,  250, 400,  350, 70.01
600,  350, 400,  350, 70.01
600,  450, 400,  350, 70.01
200, -450, 400,  450, 70.01
200, -350, 400,  450, 70.01
200, -250, 400,  450, 70.01
200, -150, 400,  450, 70.01
200,  -50, 400,  450, 70.01
200,   50, 400,  450, 70.01
200,  150, 400,  450, 70.01
200,  250, 400,  450, 70.01
200,  350, 400,  450, 70.01
200,  450, 400,  450, 70.01
300, -450, 400,  450, 70.01
300, -350, 400,  450, 70.01
300, -250, 400,  450, 70.01
300, -150, 400,  450, 70.01
300,  -50, 400,  450, 70.01
300,   50, 400,  450, 70.01
300,  150, 400,  450, 70.01
300,  250, 400,  450, 70.01
300,  350, 400,  450, 70.01
300,  450, 400,  450, 70.01
400, -450, 400,  450, 70.01
400, -350, 400,  450, 70.01
400, -250, 400,  450, 70.01
400, -150, 400,  450, 70.01
400,  -50, 400,  450, 70.01
400,   50, 400,  450, 70.01
400,  150, 400,  450, 70.01
400,  250, 400,  450, 70.01
400,  350, 400,  450, 70.01
400,  450, 400,  450, 70.01
500, -450, 400,  450, 70.01
500, -350, 400,  450, 70.01
500, -250, 400,  450, 70.01
500, -150, 400,  450, 70.01
500,  -50, 400,  450, 70.01
500,   50, 400,  450, 70.01
500,  150, 400,  450, 70.01
500,  250, 400,  450, 70.01
500,  350, 400,  450, 70.01
500,  450, 400,  450, 70.01
600, -450, 400,  450, 70.01
600, -350, 400,  450, 70.01
600, -250, 400,  450, 70.01
600, -150, 400,  450, 70.01
600,  -50, 400,  450, 70.01
600,   50, 400,  450, 70.01
600,  150, 400,  450, 70.01
600,  250, 400,  450, 70.01
600,  350, 400,  450, 70.01
600,  450, 400,  450, 70.01
200, -450, 500, -450, 70.01
200, -350, 500, -450, 70.01
200, -250, 500, -450, 70.01
200, -150, 500, -450, 70.01
200,  -50, 500, -450, 70.01
200,   50, 500, -450, 70.01
200,  150, 500, -450, 70.01
200,  250, 500, -450, 70.01
200,  350, 500, -450, 70.01
200,  450, 500, -450, 70.01
300, -450, 500, -450, 70.01
300, -350, 500, -450, 70.01
300, -250, 500, -450, 70.01
300, -150, 500, -450, 70.01
300,  -50, 500, -450, 70.01
300,   50, 500, -450, 70.01
300,  150, 500, -450, 70.01
300,  250, 500, -450, 70.01
300,  350, 500, -450, 70.01
300,  450, 500, -450, 70.01
400, -450, 500, -450, 70.01
400, -350, 500, -450, 70.01
400, -250, 500, -450, 70.01
400, -150, 500, -450, 70.01
400,  -50, 500, -450, 70.01
400,   50, 500, -450, 70.01
400,  150, 500, -450, 70.01
400,  250, 500, -450, 70.01
400,  350, 500, -450, 70.01
400,  450, 500, -450, 70.01
500, -450, 500, -450, 70.01
500, -350, 500, -450, 70.01
500, -250, 500, -450, 70.01
500, -150, 500, -450, 70.01
500,  -50, 500, -450, 70.01
500,   50, 500, -450, 70.01
500,  150, 500, -450, 70.01
500,  250, 500, -450, 70.01
500,  350, 500, -450, 70.01
500,  450, 500, -450, 70.01
600, -450, 500, -450, 70.01
600, -350, 500, -450, 70.01
600, -250, 500, -450, 70.01
600, -150, 500, -450, 70.01
600,  -50, 500, -450, 70.01
600,   50, 500, -450, 70.01
600,  150, 500, -450, 70.01
600,  250, 500, -450, 70.01
600,  350, 500, -450, 70.01
600,  450, 500, -450, 70.01
200, -450, 500, -350, 70.01
200, -350, 500, -350, 70.01
200, -250, 500, -350, 70.01
200, -150, 500, -350, 70.01
200,  -50, 500, -350, 70.01
200,   50, 500, -350, 70.01
200,  150, 500, -350, 70.01
200,  250, 500, -350, 70.01
200,  350, 500, -350, 70.01
200,  450, 500, -350, 70.01
300, -450, 500, -350, 70.01
300, -350, 500, -350, 70.01
300, -250, 500, -350, 70.01
300, -150, 500, -350, 70.01
300,  -50, 500, -350, 70.01
300,   50, 500, -350, 70.01
300,  150, 500, -350, 70.01
300,  250, 500, -350, 70.01
300,  350, 500, -350, 70.01
300,  450, 500, -350, 70.01
400, -450, 500, -350, 70.01
400, -350, 500, -350, 70.01
400, -250, 500, -350, 70.01
400, -150, 500, -350, 70.01
400,  -50, 500, -350, 70.01
400,   50, 500, -350, 70.01
400,  150, 500, -350, 70.01
400,  250, 500, -350, 70.01
400,  350, 500, -350, 70.01
400,  450, 500, -350, 70.01
500, -450, 500, -350, 70.01
500, -350, 500, -350, 70.01
500, -250, 500, -350, 70.01
500, -150, 500, -350, 70.01
500,  -50, 500, -350, 70.01
500,   50, 500, -350, 70.01
500,  150, 500, -350, 70.01
500,  250, 500, -350, 70.01
500,  350, 500, -350, 70.01
500,  450, 500, -350, 70.01
600, -450, 500, -350, 70.01
600, -350, 500, -350, 70.01
600, -250, 500, -350, 70.01
600, -150, 500, -350, 70.01
600,  -50, 500, -350, 70.01
600,   50, 500, -350, 70.01
600,  150, 500, -350, 70.01
600,  250, 500, -350, 70.01
600,  350, 500, -350, 70.01
600,  450, 500, -350, 70.01
200, -450, 500, -250, 70.01
200, -350, 500, -250, 70.01
200, -250, 500, -250, 70.01
200, -150, 500, -250, 70.01
200,  -50, 500, -250, 70.01
200,   50, 500, -250, 70.01
200,  150, 500, -250, 70.01
200,  250, 500, -250, 70.01
200,  350, 500, -250, 70.01
200,  450, 500, -250, 70.01
300, -450, 500, -250, 70.01
300, -350, 500, -250, 70.01
300, -250, 500, -250, 70.01
300, -150, 500, -250, 70.01
300,  -50, 500, -250, 70.01
300,   50, 500, -250, 70.01
300,  150, 500, -250, 70.01
300,  250, 500, -250, 70.01
300,  350, 500, -250, 70.01
300,  450, 500, -250, 70.01
400, -450, 500, -250, 70.01
400, -350, 500, -250, 70.01
400, -250, 500, -250, 70.01
400, -150, 500, -250, 70.01
400,  -50, 500, -250, 70.01
400,   50, 500, -250, 70.01
400,  150, 500, -250, 70.01
400,  250, 500, -250, 70.01
400,  350, 500, -250, 70.01
400,  450, 500, -250, 70.01
500, -450, 500, -250, 70.01
500, -350, 500, -250, 70.01
500, -250, 500, -250, 70.01
500, -150, 500, -250, 70.01
500,  -50, 500, -250, 70.01
500,   50, 500, -250, 70.01
500,  150, 500, -250, 70.01
500,  250, 500, -250, 70.01
500,  350, 500, -250, 70.01
500,  450, 500, -250, 70.01
600, -450, 500, -250, 70.01
600, -350, 500, -250, 70.01
600, -250, 500, -250, 70.01
600, -150, 500, -250, 70.01
600,  -50, 500, -250, 70.01
600,   50, 500, -250, 70.01
600,  150, 500, -250, 70.01
600,  250, 500, -250, 70.01
600,  350, 500, -250, 70.01
600,  450, 500, -250, 70.01
200, -450, 500, -150, 70.01
200, -350, 500, -150, 70.01
200, -250, 500, -150, 70.01
200, -150, 500, -150, 70.01
200,  -50, 500, -150, 70.01
200,   50, 500, -150, 70.01
200,  150, 500, -150, 70.01
200,  250, 500, -150, 70.01
200,  350, 500, -150, 70.01
200,  450, 500, -150, 70.01
300, -450, 500, -150, 70.01
300, -350, 500, -150, 70.01
300, -250, 500, -150, 70.01
300, -150, 500, -150, 70.01
300,  -50, 500, -150, 70.01
300,   50, 500, -150, 70.01
300,  150, 500, -150, 70.01
300,  250, 500, -150, 70.01
300,  350, 500, -150, 70.01
300,  450, 500, -150, 70.01
400, -450, 500, -150, 70.01
400, -350, 500, -150, 70.01
400, -250, 500, -150, 70.01
400, -150, 500, -150, 70.01
400,  -50, 500, -150, 70.01
400,   50, 500, -150, 70.01
400,  150, 500, -150, 70.01
400,  250, 500, -150, 70.01
400,  350, 500, -150, 70.01
400,  450, 500, -150, 70.01
500, -450, 500, -150, 70.01
500, -350, 500, -150, 70.01
500, -250, 500, -150, 70.01
500, -150, 500, -150, 70.01
500,  -50, 500, -150, 70.01
500,   50, 500, -150, 70.01
500,  150, 500, -150, 70.01
500,  250, 500, -150, 70.01
500,  350, 500, -150, 70.01
500,  450, 500, -150, 70.01
600, -450, 500, -150, 70.01
600, -350, 500, -150, 70.01
600, -250, 500, -150, 70.01
600, -150, 500, -150, 70.01
600,  -50, 500, -150, 70.01
600,   50, 500, -150, 70.01
600,  150, 500, -150, 70.01
600,  250, 500, -150, 70.01
600,  350, 500, -150, 70.01
600,  450, 500, -150, 70.01
200, -450, 500,  -50, 70.01
200, -350, 500,  -50, 70.01
200, -250, 500,  -50, 70.01
200, -150, 500,  -50, 70.01
200,  -50, 500,  -50, 70.01
200,   50, 500,  -50, 70.01
200,  150, 500,  -50, 70.01
200,  250, 500,  -50, 70.01
200,  350, 500,  -50, 70.01
200,  450, 500,  -50, 70.01
300, -450, 500,  -50, 70.01
300, -350, 500,  -50, 70.01
300, -250, 500,  -50, 70.01
300, -150, 500,  -50, 70.01
300,  -50, 500,  -50, 70.01
300,   50, 500,  -50, 70.01
300,  150, 500,  -50, 70.01
300,  250, 500,  -50, 70.01
300,  350, 500,  -50, 70.01
300,  450, 500,  -50, 70.01
400, -450, 500,  -50, 70.01
400, -350, 500,  -50, 70.01
400, -250, 500,  -50, 70.01
400, -150, 500,  -50, 70.01
400,  -50, 500,  -50, 70.01
400,   50, 500,  -50, 70.01
400,  150, 500,  -50, 70.01
400,  250, 500,  -50, 70.01
400,  350, 500,  -50, 70.01
400,  450, 500,  -50, 70.01
500, -450, 500,  -50, 70.01
500, -350, 500,  -50, 70.01
500, -250, 500,  -50, 70.01
500, -150, 500,  -50, 70.01
500,  -50, 500,  -50, 70.01
500,   50, 500,  -50, 70.01
500,  150, 500,  -50, 70.01
500,  250, 500,  -50, 70.01
500,  350, 500,  -50, 70.01
500,  450, 500,  -50, 70.01
600, -450, 500,  -50, 70.01
600, -350, 500,  -50, 70.01
600, -250, 500,  -50, 70.01
600, -150, 500,  -50, 70.01
600,  -50, 500,  -50, 70.01
600,   50, 500,  -50, 70.01
600,  150, 500,  -50, 70.01
600,  250, 500,  -50, 70.01
600,  350, 500,  -50, 70.01
600,  450, 500,  -50, 70.01
200, -450, 500,   50, 70.01
200, -350, 500,   50, 70.01
200, -250, 500,   50, 70.01
200, -150, 500,   50, 70.01
200,  -50, 500,   50, 70.01
200,   50, 500,   50, 70.01
200,  150, 500,   50, 70.01
200,  250, 500,   50, 70.01
200,  350, 500,   50, 70.01
200,  450, 500,   50, 70.01
300, -450, 500,   50, 70.01
300, -350, 500,   50, 70.01
300, -250, 500,   50, 70.01
300, -150, 500,   50, 70.01
300,  -50, 500,   50, 70.01
300,   50, 500,   50, 70.01
300,  150, 500,   50, 70.01
300,  250, 500,   50, 70.01
300,  350, 500,   50, 70.01
300,  450, 500,   50, 70.01
400, -450, 500,   50, 70.01
400, -350, 500,   50, 70.01
400, -250, 500,   50, 70.01
400, -150, 500,   50, 70.01
400,  -50, 500,   50, 70.01
400,   50, 500,   50, 70.01
400,  150, 500,   50, 70.01
400,  250, 500,   50, 70.01
400,  350, 500,   50, 70.01
400,  450, 500,   50, 70.01
500, -450, 500,   50, 70.01
500, -350, 500,   50, 70.01
500, -250, 500,   50, 70.01
500, -150, 500,   50, 70.01
500,  -50, 500,   50, 70.01
500,   50, 500,   50, 70.01
500,  150, 500,   50, 70.01
500,  250, 500,   50, 70.01
500,  350, 500,   50, 70.01
500,  450, 500,   50, 70.01
600, -450, 500,   50, 70.01
600, -350, 500,   50, 70.01
600, -250, 500,   50, 70.01
600, -150, 500,   50, 70.01
600,  -50, 500,   50, 70.01
600,   50, 500,   50, 70.01
600,  150, 500,   50, 70.01
600,  250, 500,   50, 70.01
600,  350, 500,   50, 70.01
600,  450, 500,   50, 70.01
200, -450, 500,  150, 70.01
200, -350, 500,  150, 70.01
200, -250, 500,  150, 70.01
200, -150, 500,  150, 70.01
200,  -50, 500,  150, 70.01
200,   50, 500,  150, 70.01
200,  150, 500,  150, 70.01
200,  250, 500,  150, 70.01
200,  350, 500,  150, 70.01
200,  450, 500,  150, 70.01
300, -450, 500,  150, 70.01
300, -350, 500,  150, 70.01
300, -250, 500,  150, 70.01
300, -150, 500,  150, 70.01
300,  -50, 500,  150, 70.01
300,   50, 500,  150, 70.01
300,  150, 500,  150, 70.01
300,  250, 500,  150, 70.01
300,  350, 500,  150, 70.01
300,  450, 500,  150, 70.01
400, -450, 500,  150, 70.01
400, -350, 500,  150, 70.01
400, -250, 500,  150, 70.01
400, -150, 500,  150, 70.01
400,  -50, 500,  150, 70.01
400,   50, 500,  150, 70.01
400,  150, 500,  150, 70.01
400,  250, 500,  150, 70.01
400,  350, 500,  150, 70.01
400,  450, 500,  150, 70.01
500, -450, 500,  150, 70.01
500, -350, 500,  150, 70.01
500, -250, 500,  150, 70.01
500, -150, 500,  150, 70.01
500,  -50, 500,  150, 70.01
500,   50, 500,  150, 70.01
500,  150, 500,  150, 70.01
500,  250, 500,  150, 70.01
500,  350, 500,  150, 70.01
500,  450, 500,  150, 70.01
600, -450, 500,  150, 70.01
600, -350, 500,  150, 70.01
600, -250, 500,  150, 70.01
600, -150, 500,  150, 70.01
600,  -50, 500,  150, 70.01
600,   50, 500,  150, 70.01
600,  150, 500,  150, 70.01
600,  250, 500,  150, 70.01
600,  350, 500,  150, 70.01
600,  450, 500,  150, 70.01
200, -450, 500,  250, 70.01
200, -350, 500,  250, 70.01
200, -250, 500,  250, 70.01
200, -150, 500,  250, 70.01
200,  -50, 500,  250, 70.01
200,   50, 500,  250, 70.01
200,  150, 500,  250, 70.01
200,  250, 500,  250, 70.01
200,  350, 500,  250, 70.01
200,  450, 500,  250, 70.01
300, -450, 500,  250, 70.01
300, -350, 500,  250, 70.01
300, -250, 500,  250, 70.01
300, -150, 500,  250, 70.01
300,  -50, 500,  250, 70.01
300,   50, 500,  250, 70.01
300,  150, 500,  250, 70.01
300,  250, 500,  250, 70.01
300,  350, 500,  250, 70.01
300,  450, 500,  250, 70.01
400, -450, 500,  250, 70.01
400, -350, 500,  250, 70.01
400, -250, 500,  250, 70.01
400, -150, 500,  250, 70.01
400,  -50, 500,  250, 70.01
400,   50, 500,  250, 70.01
400,  150, 500,  250, 70.01
400,  250, 500,  250, 70.01
400,  350, 500,  250, 70.01
400,  450, 500,  250, 70.01
500, -450, 500,  250, 70.01
500, -350, 500,  250, 70.01
500, -250, 500,  250, 70.01
500, -150, 500,  250, 70.01
500,  -50, 500,  250, 70.01
500,   50, 500,  250, 70.01
500,  150, 500,  250, 70.01
500,  250, 500,  250, 70.01
500,  350, 500,  250, 70.01
500,  450, 500,  250, 70.01
600, -450, 500,  250, 70.01
600, -350, 500,  250, 70.01
600, -250, 500,  250, 70.01
600, -150, 500,  250, 70.01
600,  -50, 500,  250, 70.01
600,   50, 500,  250, 70.01
600,  150, 500,  250, 70.01
600,  250, 500,  250, 70.01
600,  350, 500,  250, 70.01
600,  450, 500,  250, 70.01
200, -450, 500,  350, 70.01
200, -350, 500,  350, 70.01
200, -250, 500,  350, 70.01
200, -150, 500,  350, 70.01
200,  -50, 500,  350, 70.01
200,   50, 500,  350, 70.01
200,  150, 500,  350, 70.01
200,  250, 500,  350, 70.01
200,  350, 500,  350, 70.01
200,  450, 500,  350, 70.01
300, -450, 500,  350, 70.01
300, -350, 500,  350, 70.01
300, -250, 500,  350, 70.01
300, -150, 500,  350, 70.01
300,  -50, 500,  350, 70.01
300,   50, 500,  350, 70.01
300,  150, 500,  350, 70.01
300,  250, 500,  350, 70.01
300,  350, 500,  350, 70.01
300,  450, 500,  350, 70.01
400, -450, 500,  350, 70.01
400, -350, 500,  350, 70.01
400, -250, 500,  350, 70.01
400, -150, 500,  350, 70.01
400,  -50, 500,  350, 70.01
400,   50, 500,  350, 70.01
400,  150, 500,  350, 70.01
400,  250, 500,  350, 70.01
400,  350, 500,  350, 70.01
400,  450, 500,  350, 70.01
500, -450, 500,  350, 70.01
500, -350, 500,  350, 70.01
500, -250, 500,  350, 70.01
500, -150, 500,  350, 70.01
500,  -50, 500,  350, 70.01
500,   50, 500,  350, 70.01
500,  150, 500,  350, 70.01
500,  250, 500,  350, 70.01
500,  350, 500,  350, 70.01
500,  450, 500,  350, 70.01
600, -450, 500,  350, 70.01
600, -350, 500,  350, 70.01
600, -250, 500,  350, 70.01
600, -150, 500,  350, 70.01
600,  -50, 500,  350, 70.01
600,   50, 500,  350, 70.01
600,  150, 500,  350, 70.01
600,  250, 500,  350, 70.01
600,  350, 500,  350, 70.01
600,  450, 500,  350, 70.01
200, -450, 500,  450, 70.01
200, -350, 500,  450, 70.01
200, -250, 500,  450, 70.01
200, -150, 500,  450, 70.01
200,  -50, 500,  450, 70.01
200,   50, 500,  450, 70.01
200,  150, 500,  450, 70.01
200,  250, 500,  450, 70.01
200,  350, 500,  450, 70.01
200,  450, 500,  450, 70.01
300, -450, 500,  450, 70.01
300, -350, 500,  450, 70.01
300, -250, 500,  450, 70.01
300, -150, 500,  450, 70.01
300,  -50, 500,  450, 70.01
300,   50, 500,  450, 70.01
300,  150, 500,  450, 70.01
300,  250, 500,  450, 70.01
300,  350, 500,  450, 70.01
300,  450, 500,  450, 70.01
400, -450, 500,  450, 70.01
400, -350, 500,  450, 70.01
400, -250, 500,  450, 70.01
400, -150, 500,  450, 70.01
400,  -50, 500,  450, 70.01
400,   50, 500,  450, 70.01
400,  150, 500,  450, 70.01
400,  250, 500,  450, 70.01
400,  350, 500,  450, 70.01
400,  450, 500,  450, 70.01
500, -450, 500,  450, 70.01
500, -350, 500,  450, 70.01
500, -250, 500,  450, 70.01
500, -150, 500,  450, 70.01
500,  -50, 500,  450, 70.01
500,   50, 500,  450, 70.01
500,  150, 500,  450, 70.01
500,  250, 500,  450, 70.01
500,  350, 500,  450, 70.01
500,  450, 500,  450, 70.01
600, -450, 500,  450, 70.01
600, -350, 500,  450, 70.01
600, -250, 500,  450, 70.01
600, -150, 500,  450, 70.01
600,  -50, 500,  450, 70.01
600,   50, 500,  450, 70.01
600,  150, 500,  450, 70.01
600,  250, 500,  450, 70.01
600,  350, 500,  450, 70.01
600,  450, 500,  450, 70.01
200, -450, 600, -450, 70.01
200, -350, 600, -450, 70.01
200, -250, 600, -450, 70.01
200, -150, 600, -450, 70.01
200,  -50, 600, -450, 70.01
200,   50, 600, -450, 70.01
200,  150, 600, -450, 70.01
200,  250, 600, -450, 70.01
200,  350, 600, -450, 70.01
200,  450, 600, -450, 70.01
300, -450, 600, -450, 70.01
300, -350, 600, -450, 70.01
300, -250, 600, -450, 70.01
300, -150, 600, -450, 70.01
300,  -50, 600, -450, 70.01
300,   50, 600, -450, 70.01
300,  150, 600, -450, 70.01
300,  250, 600, -450, 70.01
300,  350, 600, -450, 70.01
300,  450, 600, -450, 70.01
400, -450, 600, -450, 70.01
400, -350, 600, -450, 70.01
400, -250, 600, -450, 70.01
400, -150, 600, -450, 70.01
400,  -50, 600, -450, 70.01
400,   50, 600, -450, 70.01
400,  150, 600, -450, 70.01
400,  250, 600, -450, 70.01
400,  350, 600, -450, 70.01
400,  450, 600, -450, 70.01
500, -450, 600, -450, 70.01
500, -350, 600, -450, 70.01
500, -250, 600, -450, 70.01
500, -150, 600, -450, 70.01
500,  -50, 600, -450, 70.01
500,   50, 600, -450, 70.01
500,  150, 600, -450, 70.01
500,  250, 600, -450, 70.01
500,  350, 600, -450, 70.01
500,  450, 600, -450, 70.01
600, -450, 600, -450, 70.01
600, -350, 600, -450, 70.01
600, -250, 600, -450, 70.01
600, -150, 600, -450, 70.01
600,  -50, 600, -450, 70.01
600,   50, 600, -450, 70.01
600,  150, 600, -450, 70.01
600,  250, 600, -450, 70.01
600,  350, 600, -450, 70.01
600,  450, 600, -450, 70.01
200, -450, 600, -350, 70.01
200, -350, 600, -350, 70.01
200, -250, 600, -350, 70.01
200, -150, 600, -350, 70.01
200,  -50, 600, -350, 70.01
200,   50, 600, -350, 70.01
200,  150, 600, -350, 70.01
200,  250, 600, -350, 70.01
200,  350, 600, -350, 70.01
200,  450, 600, -350, 70.01
300, -450, 600, -350, 70.01
300, -350, 600, -350, 70.01
300, -250, 600, -350, 70.01
300, -150, 600, -350, 70.01
300,  -50, 600, -350, 70.01
300,   50, 600, -350, 70.01
300,  150, 600, -350, 70.01
300,  250, 600, -350, 70.01
300,  350, 600, -350, 70.01
300,  450, 600, -350, 70.01
400, -450, 600, -350, 70.01
400, -350, 600, -350, 70.01
400, -250, 600, -350, 70.01
400, -150, 600, -350, 70.01
400,  -50, 600, -350, 70.01
400,   50, 600, -350, 70.01
400,  150, 600, -350, 70.01
400,  250, 600, -350, 70.01
400,  350, 600, -350, 70.01
400,  450, 600, -350, 70.01
500, -450, 600, -350, 70.01
500, -350, 600, -350, 70.01
500, -250, 600, -350, 70.01
500, -150, 600, -350, 70.01
500,  -50, 600, -350, 70.01
500,   50, 600, -350, 70.01
500,  150, 600, -350, 70.01
500,  250, 600, -350, 70.01
500,  350, 600, -350, 70.01
500,  450, 600, -350, 70.01
600, -450, 600, -350, 70.01
600, -350, 600, -350, 70.01
600, -250, 600, -350, 70.01
600, -150, 600, -350, 70.01
600,  -50, 600, -350, 70.01
600,   50, 600, -350, 70.01
600,  150, 600, -350, 70.01
600,  250, 600, -350, 70.01
600,  350, 600, -350, 70.01
600,  450, 600, -350, 70.01
200, -450, 600, -250, 70.01
200, -350, 600, -250, 70.01
200, -250, 600, -250, 70.01
200, -150, 600, -250, 70.01
200,  -50, 600, -250, 70.01
200,   50, 600, -250, 70.01
200,  150, 600, -250, 70.01
200,  250, 600, -250, 70.01
200,  350, 600, -250, 70.01
200,  450, 600, -250, 70.01
300, -450, 600, -250, 70.01
300, -350, 600, -250, 70.01
300, -250, 600, -250, 70.01
300, -150, 600, -250, 70.01
300,  -50, 600, -250, 70.01
300,   50, 600, -250, 70.01
300,  150, 600, -250, 70.01
300,  250, 600, -250, 70.01
300,  350, 600, -250, 70.01
300,  450, 600, -250, 70.01
400, -450, 600, -250, 70.01
400, -350, 600, -250, 70.01
400, -250, 600, -250, 70.01
400, -150, 600, -250, 70.01
400,  -50, 600, -250, 70.01
400,   50, 600, -250, 70.01
400,  150, 600, -250, 70.01
400,  250, 600, -250, 70.01
400,  350, 600, -250, 70.01
400,  450, 600, -250, 70.01
500, -450, 600, -250, 70.01
500, -350, 600, -250, 70.01
500, -250, 600, -250, 70.01
500, -150, 600, -250, 70.01
500,  -50, 600, -250, 70.01
500,   50, 600, -250, 70.01
500,  150, 600, -250, 70.01
500,  250, 600, -250, 70.01
500,  350, 600, -250, 70.01
500,  450, 600, -250, 70.01
600, -450, 600, -250, 70.01
600, -350, 600, -250, 70.01
600, -250, 600, -250, 70.01
600, -150, 600, -250, 70.01
600,  -50, 600, -250, 70.01
600,   50, 600, -250, 70.01
600,  150, 600, -250, 70.01
600,  250, 600, -250, 70.01
600,  350, 600, -250, 70.01
600,  450, 600, -250, 70.01
200, -450, 600, -150, 70.01
200, -350, 600, -150, 70.01
200, -250, 600, -150, 70.01
200, -150, 600, -150, 70.01
200,  -50, 600, -150, 70.01
200,   50, 600, -150, 70.01
200,  150, 600, -150, 70.01
200,  250, 600, -150, 70.01
200,  350, 600, -150, 70.01
200,  450, 600, -150, 70.01
300, -450, 600, -150, 70.01
300, -350, 600, -150, 70.01
300, -250, 600, -150, 70.01
300, -150, 600, -150, 70.01
300,  -50, 600, -150, 70.01
300,   50, 600, -150, 70.01
300,  150, 600, -150, 70.01
300,  250, 600, -150, 70.01
300,  350, 600, -150, 70.01
300,  450, 600, -150, 70.01
400, -450, 600, -150, 70.01
400, -350, 600, -150, 70.01
400, -250, 600, -150, 70.01
400, -150, 600, -150, 70.01
400,  -50, 600, -150, 70.01
400,   50, 600, -150, 70.01
400,  150, 600, -150, 70.01
400,  250, 600, -150, 70.01
400,  350, 600, -150, 70.01
400,  450, 600, -150, 70.01
500, -450, 600, -150, 70.01
500, -350, 600, -150, 70.01
500, -250, 600, -150, 70.01
500, -150, 600, -150, 70.01
500,  -50, 600, -150, 70.01
500,   50, 600, -150, 70.01
500,  150, 600, -150, 70.01
500,  250, 600, -150, 70.01
500,  350, 600, -150, 70.01
500,  450, 600, -150, 70.01
600, -450, 600, -150, 70.01
600, -350, 600, -150, 70.01
600, -250, 600, -150, 70.01
600, -150, 600, -150, 70.01
600,  -50, 600, -150, 70.01
600,   50, 600, -150, 70.01
600,  150, 600, -150, 70.01
600,  250, 600, -150, 70.01
600,  350, 600, -150, 70.01
600,  450, 600, -150, 70.01
200, -450, 600,  -50, 70.01
200, -350, 600,  -50, 70.01
200, -250, 600,  -50, 70.01
200, -150, 600,  -50, 70.01
200,  -50, 600,  -50, 70.01
200,   50, 600,  -50, 70.01
200,  150, 600,  -50, 70.01
200,  250, 600,  -50, 70.01
200,  350, 600,  -50, 70.01
200,  450, 600,  -50, 70.01
300, -450, 600,  -50, 70.01
300, -350, 600,  -50, 70.01
300, -250, 600,  -50, 70.01
300, -150, 600,  -50, 70.01
300,  -50, 600,  -50, 70.01
300,   50, 600,  -50, 70.01
300,  150, 600,  -50, 70.01
300,  250, 600,  -50, 70.01
300,  350, 600,  -50, 70.01
300,  450, 600,  -50, 70.01
400, -450, 600,  -50, 70.01
400, -350, 600,  -50, 70.01
400, -250, 600,  -50, 70.01
400, -150, 600,  -50, 70.01
400,  -50, 600,  -50, 70.01
400,   50, 600,  -50, 70.01
400,  150, 600,  -50, 70.01
400,  250, 600,  -50, 70.01
400,  350, 600,  -50, 70.01
400,  450, 600,  -50, 70.01
500, -450, 600,  -50, 70.01
500, -350, 600,  -50, 70.01
500, -250, 600,  -50, 70.01
500, -150, 600,  -50, 70.01
500,  -50, 600,  -50, 70.01
500,   50, 600,  -50, 70.01
500,  150, 600,  -50, 70.01
500,  250, 600,  -50, 70.01
500,  350, 600,  -50, 70.01
500,  450, 600,  -50, 70.01
600, -450, 600,  -50, 70.01
600, -350, 600,  -50, 70.01
600, -250, 600,  -50, 70.01
600, -150, 600,  -50, 70.01
600,  -50, 600,  -50, 70.01
600,   50, 600,  -50, 70.01
600,  150, 600,  -50, 70.01
600,  250, 600,  -50, 70.01
600,  350, 600,  -50, 70.01
600,  450, 600,  -50, 70.01
200, -450, 600,   50, 70.01
200, -350, 600,   50, 70.01
200, -250, 600,   50, 70.01
200, -150, 600,   50, 70.01
200,  -50, 600,   50, 70.01
200,   50, 600,   50, 70.01
200,  150, 600,   50, 70.01
200,  250, 600,   50, 70.01
200,  350, 600,   50, 70.01
200,  450, 600,   50, 70.01
300, -450, 600,   50, 70.01
300, -350, 600,   50, 70.01
300, -250, 600,   50, 70.01
300, -150, 600,   50, 70.01
300,  -50, 600,   50, 70.01
300,   50, 600,   50, 70.01
300,  150, 600,   50, 70.01
300,  250, 600,   50, 70.01
300,  350, 600,   50, 70.01
300,  450, 600,   50, 70.01
400, -450, 600,   50, 70.01
400, -350, 600,   50, 70.01
400, -250, 600,   50, 70.01
400, -150, 600,   50, 70.01
400,  -50, 600,   50, 70.01
400,   50, 600,   50, 70.01
400,  150, 600,   50, 70.01
400,  250, 600,   50, 70.01
400,  350, 600,   50, 70.01
400,  450, 600,   50, 70.01
500, -450, 600,   50, 70.01
500, -350, 600,   50, 70.01
500, -250, 600,   50, 70.01
500, -150, 600,   50, 70.01
500,  -50, 600,   50, 70.01
500,   50, 600,   50, 70.01
500,  150, 600,   50, 70.01
500,  250, 600,   50, 70.01
500,  350, 600,   50, 70.01
500,  450, 600,   50, 70.01
600, -450, 600,   50, 70.01
600, -350, 600,   50, 70.01
600, -250, 600,   50, 70.01
600, -150, 600,   50, 70.01
600,  -50, 600,   50, 70.01
600,   50, 600,   50, 70.01
600,  150, 600,   50, 70.01
600,  250, 600,   50, 70.01
600,  350, 600,   50, 70.01
600,  450, 600,   50, 70.01
200, -450, 600,  150, 70.01
200, -350, 600,  150, 70.01
200, -250, 600,  150, 70.01
200, -150, 600,  150, 70.01
200,  -50, 600,  150, 70.01
200,   50, 600,  150, 70.01
200,  150, 600,  150, 70.01
200,  250, 600,  150, 70.01
200,  350, 600,  150, 70.01
200,  450, 600,  150, 70.01
300, -450, 600,  150, 70.01
300, -350, 600,  150, 70.01
300, -250, 600,  150, 70.01
300, -150, 600,  150, 70.01
300,  -50, 600,  150, 70.01
300,   50, 600,  150, 70.01
300,  150, 600,  150, 70.01
300,  250, 600,  150, 70.01
300,  350, 600,  150, 70.01
300,  450, 600,  150, 70.01
400, -450, 600,  150, 70.01
400, -350, 600,  150, 70.01
400, -250, 600,  150, 70.01
400, -150, 600,  150, 70.01
400,  -50, 600,  150, 70.01
400,   50, 600,  150, 70.01
400,  150, 600,  150, 70.01
400,  250, 600,  150, 70.01
400,  350, 600,  150, 70.01
400,  450, 600,  150, 70.01
500, -450, 600,  150, 70.01
500, -350, 600,  150, 70.01
500, -250, 600,  150, 70.01
500, -150, 600,  150, 70.01
500,  -50, 600,  150, 70.01
500,   50, 600,  150, 70.01
500,  150, 600,  150, 70.01
500,  250, 600,  150, 70.01
500,  350, 600,  150, 70.01
500,  450, 600,  150, 70.01
600, -450, 600,  150, 70.01
600, -350, 600,  150, 70.01
600, -250, 600,  150, 70.01
600, -150, 600,  150, 70.01
600,  -50, 600,  150, 70.01
600,   50, 600,  150, 70.01
600,  150, 600,  150, 70.01
600,  250, 600,  150, 70.01
600,  350, 600,  150, 70.01
600,  450, 600,  150, 70.01
200, -450, 600,  250, 70.01
200, -350, 600,  250, 70.01
200, -250, 600,  250, 70.01
200, -150, 600,  250, 70.01
200,  -50, 600,  250, 70.01
200,   50, 600,  250, 70.01
200,  150, 600,  250, 70.01
200,  250, 600,  250, 70.01
200,  350, 600,  250, 70.01
200,  450, 600,  250, 70.01
300, -450, 600,  250, 70.01
300, -350, 600,  250, 70.01
300, -250, 600,  250, 70.01
300, -150, 600,  250, 70.01
300,  -50, 600,  250, 70.01
300,   50, 600,  250, 70.01
300,  150, 600,  250, 70.01
300,  250, 600,  250, 70.01
300,  350, 600,  250, 70.01
300,  450, 600,  250, 70.01
400, -450, 600,  250, 70.01
400, -350, 600,  250, 70.01
400, -250, 600,  250, 70.01
400, -150, 600,  250, 70.01
400,  -50, 600,  250, 70.01
400,   50, 600,  250, 70.01
400,  150, 600,  250, 70.01
400,  250, 600,  250, 70.01
400,  350, 600,  250, 70.01
400,  450, 600,  250, 70.01
500, -450, 600,  250, 70.01
500, -350, 600,  250, 70.01
500, -250, 600,  250, 70.01
500, -150, 600,  250, 70.01
500,  -50, 600,  250, 70.01
500,   50, 600,  250, 70.01
500,  150, 600,  250, 70.01
500,  250, 600,  250, 70.01
500,  350, 600,  250, 70.01
500,  450, 600,  250, 70.01
600, -450, 600,  250, 70.01
600, -350, 600,  250, 70.01
600, -250, 600,  250, 70.01
600, -150, 600,  250, 70.01
600,  -50, 600,  250, 70.01
600,   50, 600,  250, 70.01
600,  150, 600,  250, 70.01
600,  250, 600,  250, 70.01
600,  350, 600,  250, 70.01
600,  450, 600,  250, 70.01
200, -450, 600,  350, 70.01
200, -350, 600,  350, 70.01
200, -250, 600,  350, 70.01
200, -150, 600,  350, 70.01
200,  -50, 600,  350, 70.01
200,   50, 600,  350, 70.01
200,  150, 600,  350, 70.01
200,  250, 600,  350, 70.01
200,  350, 600,  350, 70.01
200,  450, 600,  350, 70.01
300, -450, 600,  350, 70.01
300, -350, 600,  350, 70.01
300, -250, 600,  350, 70.01
300, -150, 600,  350, 70.01
300,  -50, 600,  350, 70.01
300,   50, 600,  350, 70.01
300,  150, 600,  350, 70.01
300,  250, 600,  350, 70.01
300,  350, 600,  350, 70.01
300,  450, 600,  350, 70.01
400, -450, 600,  350, 70.01
400, -350, 600,  350, 70.01
400, -250, 600,  350, 70.01
400, -150, 600,  350, 70.01
400,  -50, 600,  350, 70.01
400,   50, 600,  350, 70.01
400,  150, 600,  350, 70.01
400,  250, 600,  350, 70.01
400,  350, 600,  350, 70.01
400,  450, 600,  350, 70.01
500, -450, 600,  350, 70.01
500, -350, 600,  350, 70.01
500, -250, 600,  350, 70.01
500, -150, 600,  350, 70.01
500,  -50, 600,  350, 70.01
500,   50, 600,  350, 70.01
500,  150, 600,  350, 70.01
500,  250, 600,  350, 70.01
500,  350, 600,  350, 70.01
500,  450, 600,  350, 70.01
600, -450, 600,  350, 70.01
600, -350, 600,  350, 70.01
600, -250, 600,  350, 70.01
600, -150, 600,  350, 70.01
600,  -50, 600,  350, 70.01
600,   50, 600,  350, 70.01
600,  150, 600,  350, 70.01
600,  250, 600,  350, 70.01
600,  350, 600,  350, 70.01
600,  450, 600,  350, 70.01
200, -450, 600,  450, 70.01
200, -350, 600,  450, 70.01
200, -250, 600,  450, 70.01
200, -150, 600,  450, 70.01
200,  -50, 600,  450, 70.01
200,   50, 600,  450, 70.01
200,  150, 600,  450, 70.01
200,  250, 600,  450, 70.01
200,  350, 600,  450, 70.01
200,  450, 600,  450, 70.01
300, -450, 600,  450, 70.01
300, -350, 600,  450, 70.01
300, -250, 600,  450, 70.01
300, -150, 600,  450, 70.01
300,  -50, 600,  450, 70.01
300,   50, 600,  450, 70.01
300,  150, 600,  450, 70.01
300,  250, 600,  450, 70.01
300,  350, 600,  450, 70.01
300,  450, 600,  450, 70.01
400, -450, 600,  450, 70.01
400, -350, 600,  450, 70.01
400, -250, 600,  450, 70.01
400, -150, 600,  450, 70.01
400,  -50, 600,  450, 70.01
400,   50, 600,  450, 70.01
400,  150, 600,  450, 70.01
400,  250, 600,  450, 70.01
400,  350, 600,  450, 70.01
400,  450, 600,  450, 70.01
500, -450, 600,  450, 70.01
500, -350, 600,  450, 70.01
500, -250, 600,  450, 70.01
500, -150, 600,  450, 70.01
500,  -50, 600,  450, 70.01
500,   50, 600,  450, 70.01
500,  150, 600,  450, 70.01
500,  250, 600,  450, 70.01
500,  350, 600,  450, 70.01
500,  450, 600,  450, 70.01
600, -450, 600,  450, 70.01
600, -350, 600,  450, 70.01
600, -250, 600,  450, 70.01
600, -150, 600,  450, 70.01
600,  -50, 600,  450, 70.01
600,   50, 600,  450, 70.01
600,  150, 600,  450, 70.01
600,  250, 600,  450, 70.01
600,  350, 600,  450, 70.01
600,  450, 600,  450, 70.01
